srun: job 22378412 queued and waiting for resources
srun: job 22378412 has been allocated resources
Warp CUDA error 700: an illegal memory access was encountered (in function wp_cuda_context_synchronize, /builds/omniverse/warp/warp/native/warp.cu:2872)
Warp 1.15.0 initialized:
   CUDA Toolkit 12.9, Driver 12.9
   Devices:
     "cpu"      : "x86_64"
     "cuda:0"   : "NVIDIA H100 80GB HBM3" (79 GiB, sm_90, mempool enabled)
   Kernel cache:
     /admin/home/martino/.cache/warp/1.15.0
Module mujoco_warp._src.render_util 97c6606 load on device 'cuda:0' took 7.91 ms  (cached)
Module mujoco_warp._src.io b4940be load on device 'cuda:0' took 8.20 ms  (cached)
Module mujoco_warp._src.bvh f2c5137 load on device 'cuda:0' took 6.08 ms  (cached)
Module mujoco_warp._src.smooth c4020f1 load on device 'cuda:0' took 8.88 ms  (cached)
Module _nxn_broadphase__locals__kernel_7c49670b 7c49670 load on device 'cuda:0' took 7.84 ms  (cached)
Module ccd_kernel_builder__locals__ccd_kernel_f8c8ac51 f8c8ac5 load on device 'cuda:0' took 9.55 ms  (cached)
Module ccd_kernel_builder__locals__ccd_kernel_f8c8ac51 5ccde89 load on device 'cuda:0' took 8.10 ms  (cached)
Module ccd_kernel_builder__locals__ccd_kernel_3adbe369 3adbe36 load on device 'cuda:0' took 11.99 ms  (cached)
Module ccd_kernel_builder__locals__ccd_kernel_3adbe369 2d56c7a load on device 'cuda:0' took 8.09 ms  (cached)
Module ccd_kernel_builder__locals__ccd_kernel_01af8d8e 01af8d8 load on device 'cuda:0' took 8.90 ms  (cached)
Module ccd_kernel_builder__locals__ccd_kernel_01af8d8e df29307 load on device 'cuda:0' took 6.26 ms  (cached)
Module ccd_kernel_builder__locals__ccd_kernel_65021576 6502157 load on device 'cuda:0' took 13.51 ms  (cached)
Module ccd_kernel_builder__locals__ccd_kernel_65021576 91d6ba9 load on device 'cuda:0' took 11.23 ms  (cached)
Module _primitive_narrowphase__locals__primitive_narrowphase_305bffa9 305bffa load on device 'cuda:0' took 13.07 ms  (cached)
Module mujoco_warp._src.constraint 36c8060 load on device 'cuda:0' took 12.56 ms  (cached)
Module _friction_dof__locals__kernel_b6332f7a b6332f7 load on device 'cuda:0' took 9.45 ms  (cached)
Module _limit_slide_hinge__locals__kernel_697e08d0 697e08d load on device 'cuda:0' took 10.85 ms  (cached)
Module _efc_contact_init__locals__kernel_c7fda836 c7fda83 load on device 'cuda:0' took 11.60 ms  (cached)
Module _efc_contact_jac_sparse__locals__kernel_c4f13e50 c4f13e5 load on device 'cuda:0' took 10.90 ms  (cached)
Module _efc_contact_update__locals__kernel_a9f93c23 a9f93c2 load on device 'cuda:0' took 9.39 ms  (cached)
Module mujoco_warp._src.sensor de892d8 load on device 'cuda:0' took 12.88 ms  (cached)
Module mujoco_warp._src.forward bfd9fb5 load on device 'cuda:0' took 11.00 ms  (cached)
Module mujoco_warp._src.passive d8c18c6 load on device 'cuda:0' took 9.96 ms  (cached)
Module mujoco_warp._src.forward b068ad6 load on device 'cuda:0' took 12.36 ms  (cached)
Module _qfrc_smooth__locals__kernel_f1330af6 f1330af load on device 'cuda:0' took 10.05 ms  (cached)
Module mujoco_warp._src.support ca784c5 load on device 'cuda:0' took 8.00 ms  (cached)
Module _tile_cholesky_factorize_solve_block__locals__kernel_e27b9fca dda0549 load on device 'cuda:0' took 47.56 ms  (cached)
Module _solve_init_dof__locals__kernel_58fc95a3 58fc95a load on device 'cuda:0' took 10.16 ms  (cached)
Module mujoco_warp._src.solver 3a105a0 load on device 'cuda:0' took 11.85 ms  (cached)
Module _solve_init_jaref_kernel__locals__kernel_d1059581 d105958 load on device 'cuda:0' took 10.06 ms  (cached)
Module mul_m_kernel__locals___mul_m_dc7994af dc7994a load on device 'cuda:0' took 11.63 ms  (cached)
Module _update_constraint_efc__locals__kernel_fbd22eb4 fbd22eb load on device 'cuda:0' took 11.60 ms  (cached)
Module _update_constraint_init_qfrc_constraint_sparse__locals__kernel_9cd0e049 9cd0e04 load on device 'cuda:0' took 12.23 ms  (cached)
Module _update_gradient_zero_grad_dot__locals__kernel_0a68ff4a 0a68ff4 load on device 'cuda:0' took 9.92 ms  (cached)
Module _update_gradient_grad__locals__kernel_1e983fa6 1e983fa load on device 'cuda:0' took 9.80 ms  (cached)
Module _update_gradient_init_h_sparse__locals__kernel_7d44b002 7d44b00 load on device 'cuda:0' took 7.68 ms  (cached)
Module _JTDAJ_sparse__locals__kernel_360e6a1b 360e6a1 load on device 'cuda:0' took 11.54 ms  (cached)
Module _JTDAJ_sparse__locals__kernel_360e6a1b 9a9fdcd load on device 'cuda:0' took 7.92 ms  (cached)
Module _update_gradient_cholesky_blocked__locals__kernel_960a2c35 32c9a77 load on device 'cuda:0' took 98.95 ms  (cached)
Module _linesearch_jv_fused_kernel__locals__kernel_204984bc 204984b load on device 'cuda:0' took 11.97 ms  (cached)
Module _linesearch_iterative_kernel__locals__kernel_078e7ccf 43bd141 load on device 'cuda:0' took 15.19 ms  (cached)
Module _update_constraint_efc__locals__kernel_685d62b6 685d62b load on device 'cuda:0' took 9.76 ms  (cached)
Module _update_gradient_zero_grad_dot__locals__kernel_167dfd46 167dfd4 load on device 'cuda:0' took 8.66 ms  (cached)
Module _update_gradient_grad__locals__kernel_ac4dac37 ac4dac3 load on device 'cuda:0' took 8.94 ms  (cached)
Module _update_gradient_h_incremental_sparse__locals__kernel_665efaa0 665efaa load on device 'cuda:0' took 11.28 ms  (cached)
Module _update_gradient_cholesky_blocked_skip_unchanged__locals__kernel_2f7935b4 09b9bda load on device 'cuda:0' took 123.90 ms  (cached)
Module _next_time_builder__locals___next_time_eb151a48 eb151a4 load on device 'cuda:0' took 11.67 ms  (cached)
Module render__locals___render_megakernel_6b9f30b9 6380c41 load on device 'cuda:0' took 5.94 ms  (cached)
[OK] track_16
Warp CUDA error 700: an illegal memory access was encountered (in function wp_free_device_async, /builds/omniverse/warp/warp/native/warp.cu:915)
Warp CUDA error 700: an illegal memory access was encountered (in function wp_free_device_async, /builds/omniverse/warp/warp/native/warp.cu:915)
Warp CUDA error 700: an illegal memory access was encountered (in function wp_free_device_async, /builds/omniverse/warp/warp/native/warp.cu:915)
Warp CUDA error 700: an illegal memory access was encountered (in function wp_free_device_async, /builds/omniverse/warp/warp/native/warp.cu:915)
Warp CUDA error 700: an illegal memory access was encountered (in function wp_free_device_async, /builds/omniverse/warp/warp/native/warp.cu:915)
Warp CUDA error 700: an illegal memory access was encountered (in function wp_free_device_async, /builds/omniverse/warp/warp/native/warp.cu:915)
Warp CUDA error 700: an illegal memory access was encountered (in function wp_free_device_async, /builds/omniverse/warp/warp/native/warp.cu:915)
Warp CUDA error 700: an illegal memory access was encountered (in function wp_free_device_async, /builds/omniverse/warp/warp/native/warp.cu:915)
Warp CUDA error 700: an illegal memory access was encountered (in function wp_free_device_async, /builds/omniverse/warp/warp/native/warp.cu:915)
Warp CUDA error 700: an illegal memory access was encountered (in function wp_free_device_async, /builds/omniverse/warp/warp/native/warp.cu:915)
Warp CUDA error 700: an illegal memory access was encountered (in function wp_free_device_async, /builds/omniverse/warp/warp/native/warp.cu:915)
Warp CUDA error 700: an illegal memory access was encountered (in function wp_free_device_async, /builds/omniverse/warp/warp/native/warp.cu:915)
Warp CUDA error 700: an illegal memory access was encountered (in function wp_free_device_async, /builds/omniverse/warp/warp/native/warp.cu:915)
Warp CUDA error 700: an illegal memory access was encountered (in function wp_free_device_async, /builds/omniverse/warp/warp/native/warp.cu:915)
Warp CUDA error 700: an illegal memory access was encountered (in function wp_free_device_async, /builds/omniverse/warp/warp/native/warp.cu:915)
Warp CUDA error 700: an illegal memory access was encountered (in function wp_free_device_async, /builds/omniverse/warp/warp/native/warp.cu:915)
Warp CUDA error 700: an illegal memory access was encountered (in function wp_free_device_async, /builds/omniverse/warp/warp/native/warp.cu:915)
Warp CUDA error 700: an illegal memory access was encountered (in function wp_free_device_async, /builds/omniverse/warp/warp/native/warp.cu:915)
Warp CUDA error 700: an illegal memory access was encountered (in function wp_free_device_async, /builds/omniverse/warp/warp/native/warp.cu:915)
Warp CUDA error 700: an illegal memory access was encountered (in function wp_free_device_async, /builds/omniverse/warp/warp/native/warp.cu:915)
Warp CUDA error 700: an illegal memory access was encountered (in function wp_free_device_async, /builds/omniverse/warp/warp/native/warp.cu:915)
Warp CUDA error 700: an illegal memory access was encountered (in function wp_free_device_async, /builds/omniverse/warp/warp/native/warp.cu:915)
Warp CUDA error 700: an illegal memory access was encountered (in function wp_free_device_async, /builds/omniverse/warp/warp/native/warp.cu:915)
Warp CUDA error 700: an illegal memory access was encountered (in function wp_free_device_async, /builds/omniverse/warp/warp/native/warp.cu:915)
Warp CUDA error 700: an illegal memory access was encountered (in function wp_free_device_async, /builds/omniverse/warp/warp/native/warp.cu:915)
Warp CUDA error 700: an illegal memory access was encountered (in function wp_free_device_async, /builds/omniverse/warp/warp/native/warp.cu:915)
Warp CUDA error 700: an illegal memory access was encountered (in function wp_free_device_async, /builds/omniverse/warp/warp/native/warp.cu:915)
Warp CUDA error 700: an illegal memory access was encountered (in function wp_free_device_async, /builds/omniverse/warp/warp/native/warp.cu:915)
Warp CUDA error 700: an illegal memory access was encountered (in function wp_free_device_async, /builds/omniverse/warp/warp/native/warp.cu:915)
Warp CUDA error 700: an illegal memory access was encountered (in function wp_free_device_async, /builds/omniverse/warp/warp/native/warp.cu:915)
Warp CUDA error 700: an illegal memory access was encountered (in function wp_free_device_async, /builds/omniverse/warp/warp/native/warp.cu:915)
Warp CUDA error 700: an illegal memory access was encountered (in function wp_free_device_async, /builds/omniverse/warp/warp/native/warp.cu:915)
Warp CUDA error 700: an illegal memory access was encountered (in function wp_free_device_async, /builds/omniverse/warp/warp/native/warp.cu:915)
Warp CUDA error 700: an illegal memory access was encountered (in function wp_free_device_async, /builds/omniverse/warp/warp/native/warp.cu:915)
Warp CUDA error 700: an illegal memory access was encountered (in function wp_free_device_async, /builds/omniverse/warp/warp/native/warp.cu:915)
Warp CUDA error 700: an illegal memory access was encountered (in function wp_free_device_async, /builds/omniverse/warp/warp/native/warp.cu:915)
Warp CUDA error 700: an illegal memory access was encountered (in function wp_free_device_async, /builds/omniverse/warp/warp/native/warp.cu:915)
Warp CUDA error 700: an illegal memory access was encountered (in function wp_free_device_async, /builds/omniverse/warp/warp/native/warp.cu:915)
Warp CUDA error 700: an illegal memory access was encountered (in function wp_free_device_async, /builds/omniverse/warp/warp/native/warp.cu:915)
Warp CUDA error 700: an illegal memory access was encountered (in function wp_free_device_async, /builds/omniverse/warp/warp/native/warp.cu:915)
Warp CUDA error 700: an illegal memory access was encountered (in function wp_free_device_async, /builds/omniverse/warp/warp/native/warp.cu:915)
Warp CUDA error 700: an illegal memory access was encountered (in function wp_free_device_async, /builds/omniverse/warp/warp/native/warp.cu:915)
Warp CUDA error 700: an illegal memory access was encountered (in function wp_free_device_async, /builds/omniverse/warp/warp/native/warp.cu:915)
Warp CUDA error 700: an illegal memory access was encountered (in function wp_free_device_async, /builds/omniverse/warp/warp/native/warp.cu:915)
Warp CUDA error 700: an illegal memory access was encountered (in function wp_free_device_async, /builds/omniverse/warp/warp/native/warp.cu:915)
Warp CUDA error 700: an illegal memory access was encountered (in function wp_free_device_async, /builds/omniverse/warp/warp/native/warp.cu:915)
Warp CUDA error 700: an illegal memory access was encountered (in function wp_free_device_async, /builds/omniverse/warp/warp/native/warp.cu:915)
Warp CUDA error 700: an illegal memory access was encountered (in function wp_free_device_async, /builds/omniverse/warp/warp/native/warp.cu:915)
Warp CUDA error 700: an illegal memory access was encountered (in function wp_free_device_async, /builds/omniverse/warp/warp/native/warp.cu:915)
Warp CUDA error 700: an illegal memory access was encountered (in function wp_free_device_async, /builds/omniverse/warp/warp/native/warp.cu:915)
Warp CUDA error 700: an illegal memory access was encountered (in function wp_free_device_async, /builds/omniverse/warp/warp/native/warp.cu:915)
Warp CUDA error 700: an illegal memory access was encountered (in function wp_free_device_async, /builds/omniverse/warp/warp/native/warp.cu:915)
Warp CUDA error 700: an illegal memory access was encountered (in function wp_free_device_async, /builds/omniverse/warp/warp/native/warp.cu:915)
Warp CUDA error 700: an illegal memory access was encountered (in function wp_free_device_async, /builds/omniverse/warp/warp/native/warp.cu:915)
Warp CUDA error 700: an illegal memory access was encountered (in function wp_free_device_async, /builds/omniverse/warp/warp/native/warp.cu:915)
Warp CUDA error 700: an illegal memory access was encountered (in function wp_free_device_async, /builds/omniverse/warp/warp/native/warp.cu:915)
Warp CUDA error 700: an illegal memory access was encountered (in function wp_free_device_async, /builds/omniverse/warp/warp/native/warp.cu:915)
Warp CUDA error 700: an illegal memory access was encountered (in function wp_free_device_async, /builds/omniverse/warp/warp/native/warp.cu:915)
Warp CUDA error 700: an illegal memory access was encountered (in function wp_free_device_async, /builds/omniverse/warp/warp/native/warp.cu:915)
Warp CUDA error 700: an illegal memory access was encountered (in function wp_free_device_async, /builds/omniverse/warp/warp/native/warp.cu:915)
Warp CUDA error 700: an illegal memory access was encountered (in function wp_free_device_async, /builds/omniverse/warp/warp/native/warp.cu:915)
Warp CUDA error 700: an illegal memory access was encountered (in function wp_free_device_async, /builds/omniverse/warp/warp/native/warp.cu:915)
Warp CUDA error 700: an illegal memory access was encountered (in function wp_free_device_async, /builds/omniverse/warp/warp/native/warp.cu:915)
Warp CUDA error 700: an illegal memory access was encountered (in function wp_free_device_async, /builds/omniverse/warp/warp/native/warp.cu:915)
Warp CUDA error 700: an illegal memory access was encountered (in function wp_free_device_async, /builds/omniverse/warp/warp/native/warp.cu:915)
Warp CUDA error 700: an illegal memory access was encountered (in function wp_free_device_async, /builds/omniverse/warp/warp/native/warp.cu:915)
Warp CUDA error 700: an illegal memory access was encountered (in function wp_free_device_async, /builds/omniverse/warp/warp/native/warp.cu:915)
Warp CUDA error 700: an illegal memory access was encountered (in function wp_free_device_async, /builds/omniverse/warp/warp/native/warp.cu:915)
Warp CUDA error 700: an illegal memory access was encountered (in function wp_free_device_async, /builds/omniverse/warp/warp/native/warp.cu:915)
Warp CUDA error 700: an illegal memory access was encountered (in function wp_free_device_async, /builds/omniverse/warp/warp/native/warp.cu:915)
Warp CUDA error 700: an illegal memory access was encountered (in function wp_free_device_async, /builds/omniverse/warp/warp/native/warp.cu:915)
Warp CUDA error 700: an illegal memory access was encountered (in function wp_free_device_async, /builds/omniverse/warp/warp/native/warp.cu:915)
Warp CUDA error 700: an illegal memory access was encountered (in function wp_free_device_async, /builds/omniverse/warp/warp/native/warp.cu:915)
Warp CUDA error 700: an illegal memory access was encountered (in function wp_free_device_async, /builds/omniverse/warp/warp/native/warp.cu:915)
Warp CUDA error 700: an illegal memory access was encountered (in function wp_free_device_async, /builds/omniverse/warp/warp/native/warp.cu:915)
Warp CUDA error 700: an illegal memory access was encountered (in function wp_free_device_async, /builds/omniverse/warp/warp/native/warp.cu:915)
Warp CUDA error 700: an illegal memory access was encountered (in function wp_free_device_async, /builds/omniverse/warp/warp/native/warp.cu:915)
Warp CUDA error 700: an illegal memory access was encountered (in function wp_free_device_async, /builds/omniverse/warp/warp/native/warp.cu:915)
Warp CUDA error 700: an illegal memory access was encountered (in function wp_free_device_async, /builds/omniverse/warp/warp/native/warp.cu:915)
Warp CUDA error 700: an illegal memory access was encountered (in function wp_free_device_async, /builds/omniverse/warp/warp/native/warp.cu:915)
Warp CUDA error 700: an illegal memory access was encountered (in function wp_free_device_async, /builds/omniverse/warp/warp/native/warp.cu:915)
Warp CUDA error 700: an illegal memory access was encountered (in function wp_free_device_async, /builds/omniverse/warp/warp/native/warp.cu:915)
Warp CUDA error 700: an illegal memory access was encountered (in function wp_free_device_async, /builds/omniverse/warp/warp/native/warp.cu:915)
Warp CUDA error 700: an illegal memory access was encountered (in function wp_free_device_async, /builds/omniverse/warp/warp/native/warp.cu:915)
Warp CUDA error 700: an illegal memory access was encountered (in function wp_free_device_async, /builds/omniverse/warp/warp/native/warp.cu:915)
Warp CUDA error 700: an illegal memory access was encountered (in function wp_free_device_async, /builds/omniverse/warp/warp/native/warp.cu:915)
Warp CUDA error 700: an illegal memory access was encountered (in function wp_free_device_async, /builds/omniverse/warp/warp/native/warp.cu:915)
Warp CUDA error 700: an illegal memory access was encountered (in function wp_free_device_async, /builds/omniverse/warp/warp/native/warp.cu:915)
Warp CUDA error 700: an illegal memory access was encountered (in function wp_free_device_async, /builds/omniverse/warp/warp/native/warp.cu:915)
Warp CUDA error 700: an illegal memory access was encountered (in function wp_free_device_async, /builds/omniverse/warp/warp/native/warp.cu:915)
Warp CUDA error 700: an illegal memory access was encountered (in function wp_free_device_async, /builds/omniverse/warp/warp/native/warp.cu:915)
Warp CUDA error 700: an illegal memory access was encountered (in function wp_free_device_async, /builds/omniverse/warp/warp/native/warp.cu:915)
Warp CUDA error 700: an illegal memory access was encountered (in function wp_free_device_async, /builds/omniverse/warp/warp/native/warp.cu:915)
Warp CUDA error 700: an illegal memory access was encountered (in function wp_free_device_async, /builds/omniverse/warp/warp/native/warp.cu:915)
Warp CUDA error 700: an illegal memory access was encountered (in function wp_free_device_async, /builds/omniverse/warp/warp/native/warp.cu:915)
Warp CUDA error 700: an illegal memory access was encountered (in function wp_free_device_async, /builds/omniverse/warp/warp/native/warp.cu:915)
Warp CUDA error 700: an illegal memory access was encountered (in function wp_free_device_async, /builds/omniverse/warp/warp/native/warp.cu:915)
Warp CUDA error 700: an illegal memory access was encountered (in function wp_free_device_async, /builds/omniverse/warp/warp/native/warp.cu:915)
Warp CUDA error 700: an illegal memory access was encountered (in function wp_free_device_async, /builds/omniverse/warp/warp/native/warp.cu:915)
Warp CUDA error 700: an illegal memory access was encountered (in function wp_free_device_async, /builds/omniverse/warp/warp/native/warp.cu:915)
Warp CUDA error 700: an illegal memory access was encountered (in function wp_free_device_async, /builds/omniverse/warp/warp/native/warp.cu:915)
Warp CUDA error 700: an illegal memory access was encountered (in function wp_free_device_async, /builds/omniverse/warp/warp/native/warp.cu:915)
Warp CUDA error 700: an illegal memory access was encountered (in function wp_free_device_async, /builds/omniverse/warp/warp/native/warp.cu:915)
Warp CUDA error 700: an illegal memory access was encountered (in function wp_free_device_async, /builds/omniverse/warp/warp/native/warp.cu:915)
Warp CUDA error 700: an illegal memory access was encountered (in function wp_free_device_async, /builds/omniverse/warp/warp/native/warp.cu:915)
Warp CUDA error 700: an illegal memory access was encountered (in function wp_free_device_async, /builds/omniverse/warp/warp/native/warp.cu:915)
Warp CUDA error 700: an illegal memory access was encountered (in function wp_free_device_async, /builds/omniverse/warp/warp/native/warp.cu:915)
Warp CUDA error 700: an illegal memory access was encountered (in function wp_free_device_async, /builds/omniverse/warp/warp/native/warp.cu:915)
Warp CUDA error 700: an illegal memory access was encountered (in function wp_free_device_async, /builds/omniverse/warp/warp/native/warp.cu:915)
Warp CUDA error 700: an illegal memory access was encountered (in function wp_free_device_async, /builds/omniverse/warp/warp/native/warp.cu:915)
Warp CUDA error 700: an illegal memory access was encountered (in function wp_free_device_async, /builds/omniverse/warp/warp/native/warp.cu:915)
Warp CUDA error 700: an illegal memory access was encountered (in function wp_free_device_async, /builds/omniverse/warp/warp/native/warp.cu:915)
Warp CUDA error 700: an illegal memory access was encountered (in function wp_free_device_async, /builds/omniverse/warp/warp/native/warp.cu:915)
Warp CUDA error 700: an illegal memory access was encountered (in function wp_free_device_async, /builds/omniverse/warp/warp/native/warp.cu:915)
Warp CUDA error 700: an illegal memory access was encountered (in function wp_free_device_async, /builds/omniverse/warp/warp/native/warp.cu:915)
Warp CUDA error 700: an illegal memory access was encountered (in function wp_free_device_async, /builds/omniverse/warp/warp/native/warp.cu:915)
Warp CUDA error 700: an illegal memory access was encountered (in function wp_free_device_async, /builds/omniverse/warp/warp/native/warp.cu:915)
Warp CUDA error 700: an illegal memory access was encountered (in function wp_free_device_async, /builds/omniverse/warp/warp/native/warp.cu:915)
Warp CUDA error 700: an illegal memory access was encountered (in function wp_free_device_async, /builds/omniverse/warp/warp/native/warp.cu:915)
Warp CUDA error 700: an illegal memory access was encountered (in function wp_free_device_async, /builds/omniverse/warp/warp/native/warp.cu:915)
Warp CUDA error 700: an illegal memory access was encountered (in function wp_free_device_async, /builds/omniverse/warp/warp/native/warp.cu:915)
Warp CUDA error 700: an illegal memory access was encountered (in function wp_free_device_async, /builds/omniverse/warp/warp/native/warp.cu:915)
Warp CUDA error 700: an illegal memory access was encountered (in function wp_free_device_async, /builds/omniverse/warp/warp/native/warp.cu:915)
Warp CUDA error 700: an illegal memory access was encountered (in function wp_free_device_async, /builds/omniverse/warp/warp/native/warp.cu:915)
Warp CUDA error 700: an illegal memory access was encountered (in function wp_free_device_async, /builds/omniverse/warp/warp/native/warp.cu:915)
Warp CUDA error 700: an illegal memory access was encountered (in function wp_free_device_async, /builds/omniverse/warp/warp/native/warp.cu:915)
Warp CUDA error 700: an illegal memory access was encountered (in function wp_free_device_async, /builds/omniverse/warp/warp/native/warp.cu:915)
Warp CUDA error 700: an illegal memory access was encountered (in function wp_free_device_async, /builds/omniverse/warp/warp/native/warp.cu:915)
Warp CUDA error 700: an illegal memory access was encountered (in function wp_free_device_async, /builds/omniverse/warp/warp/native/warp.cu:915)
Warp CUDA error 700: an illegal memory access was encountered (in function wp_free_device_async, /builds/omniverse/warp/warp/native/warp.cu:915)
Warp CUDA error 700: an illegal memory access was encountered (in function wp_free_device_async, /builds/omniverse/warp/warp/native/warp.cu:915)
Warp CUDA error 700: an illegal memory access was encountered (in function wp_free_device_async, /builds/omniverse/warp/warp/native/warp.cu:915)
Warp CUDA error 700: an illegal memory access was encountered (in function wp_free_device_async, /builds/omniverse/warp/warp/native/warp.cu:915)
Warp CUDA error 700: an illegal memory access was encountered (in function wp_free_device_async, /builds/omniverse/warp/warp/native/warp.cu:915)
Warp CUDA error 700: an illegal memory access was encountered (in function wp_free_device_async, /builds/omniverse/warp/warp/native/warp.cu:915)
Warp CUDA error 700: an illegal memory access was encountered (in function wp_free_device_async, /builds/omniverse/warp/warp/native/warp.cu:915)
Warp CUDA error 700: an illegal memory access was encountered (in function wp_free_device_async, /builds/omniverse/warp/warp/native/warp.cu:915)
Warp CUDA error 700: an illegal memory access was encountered (in function wp_free_device_async, /builds/omniverse/warp/warp/native/warp.cu:915)
Warp CUDA error 700: an illegal memory access was encountered (in function wp_free_device_async, /builds/omniverse/warp/warp/native/warp.cu:915)
Warp CUDA error 700: an illegal memory access was encountered (in function wp_free_device_async, /builds/omniverse/warp/warp/native/warp.cu:915)
Warp CUDA error 700: an illegal memory access was encountered (in function wp_free_device_async, /builds/omniverse/warp/warp/native/warp.cu:915)
Warp CUDA error 700: an illegal memory access was encountered (in function wp_free_device_async, /builds/omniverse/warp/warp/native/warp.cu:915)
Warp CUDA error 700: an illegal memory access was encountered (in function wp_free_device_async, /builds/omniverse/warp/warp/native/warp.cu:915)
Warp CUDA error 700: an illegal memory access was encountered (in function wp_free_device_async, /builds/omniverse/warp/warp/native/warp.cu:915)
Warp CUDA error 700: an illegal memory access was encountered (in function wp_free_device_async, /builds/omniverse/warp/warp/native/warp.cu:915)
Warp CUDA error 700: an illegal memory access was encountered (in function wp_free_device_async, /builds/omniverse/warp/warp/native/warp.cu:915)
Warp CUDA error 700: an illegal memory access was encountered (in function wp_free_device_async, /builds/omniverse/warp/warp/native/warp.cu:915)
Warp CUDA error 700: an illegal memory access was encountered (in function wp_free_device_async, /builds/omniverse/warp/warp/native/warp.cu:915)
Warp CUDA error 700: an illegal memory access was encountered (in function wp_free_device_async, /builds/omniverse/warp/warp/native/warp.cu:915)
Warp CUDA error 700: an illegal memory access was encountered (in function wp_free_device_async, /builds/omniverse/warp/warp/native/warp.cu:915)
Warp CUDA error 700: an illegal memory access was encountered (in function wp_free_device_async, /builds/omniverse/warp/warp/native/warp.cu:915)
Warp CUDA error 700: an illegal memory access was encountered (in function wp_free_device_async, /builds/omniverse/warp/warp/native/warp.cu:915)
Warp CUDA error 700: an illegal memory access was encountered (in function wp_free_device_async, /builds/omniverse/warp/warp/native/warp.cu:915)
Warp CUDA error 700: an illegal memory access was encountered (in function wp_free_device_async, /builds/omniverse/warp/warp/native/warp.cu:915)
Warp CUDA error 700: an illegal memory access was encountered (in function wp_free_device_async, /builds/omniverse/warp/warp/native/warp.cu:915)
Warp CUDA error 700: an illegal memory access was encountered (in function wp_free_device_async, /builds/omniverse/warp/warp/native/warp.cu:915)
Warp CUDA error 700: an illegal memory access was encountered (in function wp_free_device_async, /builds/omniverse/warp/warp/native/warp.cu:915)
Warp CUDA error 700: an illegal memory access was encountered (in function wp_free_device_async, /builds/omniverse/warp/warp/native/warp.cu:915)
Warp CUDA error 700: an illegal memory access was encountered (in function wp_free_device_async, /builds/omniverse/warp/warp/native/warp.cu:915)
Warp CUDA error 700: an illegal memory access was encountered (in function wp_free_device_async, /builds/omniverse/warp/warp/native/warp.cu:915)
Warp CUDA error 700: an illegal memory access was encountered (in function wp_free_device_async, /builds/omniverse/warp/warp/native/warp.cu:915)
Warp CUDA error 700: an illegal memory access was encountered (in function wp_free_device_async, /builds/omniverse/warp/warp/native/warp.cu:915)
Warp CUDA error 700: an illegal memory access was encountered (in function wp_free_device_async, /builds/omniverse/warp/warp/native/warp.cu:915)
Warp CUDA error 700: an illegal memory access was encountered (in function wp_free_device_async, /builds/omniverse/warp/warp/native/warp.cu:915)
Warp CUDA error 700: an illegal memory access was encountered (in function wp_free_device_async, /builds/omniverse/warp/warp/native/warp.cu:915)
Warp CUDA error 700: an illegal memory access was encountered (in function wp_free_device_async, /builds/omniverse/warp/warp/native/warp.cu:915)
Warp CUDA error 700: an illegal memory access was encountered (in function wp_free_device_async, /builds/omniverse/warp/warp/native/warp.cu:915)
Warp CUDA error 700: an illegal memory access was encountered (in function wp_free_device_async, /builds/omniverse/warp/warp/native/warp.cu:915)
Warp CUDA error 700: an illegal memory access was encountered (in function wp_free_device_async, /builds/omniverse/warp/warp/native/warp.cu:915)
Warp CUDA error 700: an illegal memory access was encountered (in function wp_free_device_async, /builds/omniverse/warp/warp/native/warp.cu:915)
Warp CUDA error 700: an illegal memory access was encountered (in function wp_free_device_async, /builds/omniverse/warp/warp/native/warp.cu:915)
Warp CUDA error 700: an illegal memory access was encountered (in function wp_free_device_async, /builds/omniverse/warp/warp/native/warp.cu:915)
Warp CUDA error 700: an illegal memory access was encountered (in function wp_free_device_async, /builds/omniverse/warp/warp/native/warp.cu:915)
Warp CUDA error 700: an illegal memory access was encountered (in function wp_free_device_async, /builds/omniverse/warp/warp/native/warp.cu:915)
Warp CUDA error 700: an illegal memory access was encountered (in function wp_free_device_async, /builds/omniverse/warp/warp/native/warp.cu:915)
Warp CUDA error 700: an illegal memory access was encountered (in function wp_free_device_async, /builds/omniverse/warp/warp/native/warp.cu:915)
Warp CUDA error 700: an illegal memory access was encountered (in function wp_free_device_async, /builds/omniverse/warp/warp/native/warp.cu:915)
Warp CUDA error 700: an illegal memory access was encountered (in function wp_free_device_async, /builds/omniverse/warp/warp/native/warp.cu:915)
Warp CUDA error 700: an illegal memory access was encountered (in function wp_free_device_async, /builds/omniverse/warp/warp/native/warp.cu:915)
Warp CUDA error 700: an illegal memory access was encountered (in function wp_free_device_async, /builds/omniverse/warp/warp/native/warp.cu:915)
Warp CUDA error 700: an illegal memory access was encountered (in function wp_free_device_async, /builds/omniverse/warp/warp/native/warp.cu:915)
Warp CUDA error 700: an illegal memory access was encountered (in function wp_free_device_async, /builds/omniverse/warp/warp/native/warp.cu:915)
Warp CUDA error 700: an illegal memory access was encountered (in function wp_free_device_async, /builds/omniverse/warp/warp/native/warp.cu:915)
Warp CUDA error 700: an illegal memory access was encountered (in function wp_free_device_async, /builds/omniverse/warp/warp/native/warp.cu:915)
Warp CUDA error 700: an illegal memory access was encountered (in function wp_free_device_async, /builds/omniverse/warp/warp/native/warp.cu:915)
Warp CUDA error 700: an illegal memory access was encountered (in function wp_free_device_async, /builds/omniverse/warp/warp/native/warp.cu:915)
Warp CUDA error 700: an illegal memory access was encountered (in function wp_free_device_async, /builds/omniverse/warp/warp/native/warp.cu:915)
Warp CUDA error 700: an illegal memory access was encountered (in function wp_free_device_async, /builds/omniverse/warp/warp/native/warp.cu:915)
Warp CUDA error 700: an illegal memory access was encountered (in function wp_free_device_async, /builds/omniverse/warp/warp/native/warp.cu:915)
Warp CUDA error 700: an illegal memory access was encountered (in function wp_free_device_async, /builds/omniverse/warp/warp/native/warp.cu:915)
Warp CUDA error 700: an illegal memory access was encountered (in function wp_free_device_async, /builds/omniverse/warp/warp/native/warp.cu:915)
Warp CUDA error 700: an illegal memory access was encountered (in function wp_free_device_async, /builds/omniverse/warp/warp/native/warp.cu:915)
Warp CUDA error 700: an illegal memory access was encountered (in function wp_free_device_async, /builds/omniverse/warp/warp/native/warp.cu:915)
Warp CUDA error 700: an illegal memory access was encountered (in function wp_free_device_async, /builds/omniverse/warp/warp/native/warp.cu:915)
Warp CUDA error 700: an illegal memory access was encountered (in function wp_free_device_async, /builds/omniverse/warp/warp/native/warp.cu:915)
Warp CUDA error 700: an illegal memory access was encountered (in function wp_free_device_async, /builds/omniverse/warp/warp/native/warp.cu:915)
Warp CUDA error 700: an illegal memory access was encountered (in function wp_free_device_async, /builds/omniverse/warp/warp/native/warp.cu:915)
Warp CUDA error 700: an illegal memory access was encountered (in function wp_free_device_async, /builds/omniverse/warp/warp/native/warp.cu:915)
Warp CUDA error 700: an illegal memory access was encountered (in function wp_free_device_async, /builds/omniverse/warp/warp/native/warp.cu:915)
Warp CUDA error 700: an illegal memory access was encountered (in function wp_free_device_async, /builds/omniverse/warp/warp/native/warp.cu:915)
Warp CUDA error 700: an illegal memory access was encountered (in function wp_free_device_async, /builds/omniverse/warp/warp/native/warp.cu:915)
Warp CUDA error 700: an illegal memory access was encountered (in function wp_free_device_async, /builds/omniverse/warp/warp/native/warp.cu:915)
Warp CUDA error 700: an illegal memory access was encountered (in function wp_free_device_async, /builds/omniverse/warp/warp/native/warp.cu:915)
Warp CUDA error 700: an illegal memory access was encountered (in function wp_free_device_async, /builds/omniverse/warp/warp/native/warp.cu:915)
Warp CUDA error 700: an illegal memory access was encountered (in function wp_free_device_async, /builds/omniverse/warp/warp/native/warp.cu:915)
Warp CUDA error 700: an illegal memory access was encountered (in function wp_free_device_async, /builds/omniverse/warp/warp/native/warp.cu:915)
Warp CUDA error 700: an illegal memory access was encountered (in function wp_free_device_async, /builds/omniverse/warp/warp/native/warp.cu:915)
Warp CUDA error 700: an illegal memory access was encountered (in function wp_free_device_async, /builds/omniverse/warp/warp/native/warp.cu:915)
Warp CUDA error 700: an illegal memory access was encountered (in function wp_free_device_async, /builds/omniverse/warp/warp/native/warp.cu:915)
Warp CUDA error 700: an illegal memory access was encountered (in function wp_free_device_async, /builds/omniverse/warp/warp/native/warp.cu:915)
Warp CUDA error 700: an illegal memory access was encountered (in function wp_free_device_async, /builds/omniverse/warp/warp/native/warp.cu:915)
Warp CUDA error 700: an illegal memory access was encountered (in function wp_free_device_async, /builds/omniverse/warp/warp/native/warp.cu:915)
Warp CUDA error 700: an illegal memory access was encountered (in function wp_free_device_async, /builds/omniverse/warp/warp/native/warp.cu:915)
Warp CUDA error 700: an illegal memory access was encountered (in function wp_free_device_async, /builds/omniverse/warp/warp/native/warp.cu:915)
Warp CUDA error 700: an illegal memory access was encountered (in function wp_free_device_async, /builds/omniverse/warp/warp/native/warp.cu:915)
Warp CUDA error 700: an illegal memory access was encountered (in function wp_free_device_async, /builds/omniverse/warp/warp/native/warp.cu:915)
Warp CUDA error 700: an illegal memory access was encountered (in function wp_free_device_async, /builds/omniverse/warp/warp/native/warp.cu:915)
Warp CUDA error 700: an illegal memory access was encountered (in function wp_free_device_async, /builds/omniverse/warp/warp/native/warp.cu:915)
Warp CUDA error 700: an illegal memory access was encountered (in function wp_free_device_async, /builds/omniverse/warp/warp/native/warp.cu:915)
Warp CUDA error 700: an illegal memory access was encountered (in function wp_free_device_async, /builds/omniverse/warp/warp/native/warp.cu:915)
Warp CUDA error 700: an illegal memory access was encountered (in function wp_free_device_async, /builds/omniverse/warp/warp/native/warp.cu:915)
Warp CUDA error 700: an illegal memory access was encountered (in function wp_free_device_async, /builds/omniverse/warp/warp/native/warp.cu:915)
Warp CUDA error 700: an illegal memory access was encountered (in function wp_free_device_async, /builds/omniverse/warp/warp/native/warp.cu:915)
Warp CUDA error 700: an illegal memory access was encountered (in function wp_free_device_async, /builds/omniverse/warp/warp/native/warp.cu:915)
Warp CUDA error 700: an illegal memory access was encountered (in function wp_free_device_async, /builds/omniverse/warp/warp/native/warp.cu:915)
Warp CUDA error 700: an illegal memory access was encountered (in function wp_free_device_async, /builds/omniverse/warp/warp/native/warp.cu:915)
Warp CUDA error 700: an illegal memory access was encountered (in function wp_free_device_async, /builds/omniverse/warp/warp/native/warp.cu:915)
Warp CUDA error 700: an illegal memory access was encountered (in function wp_free_device_async, /builds/omniverse/warp/warp/native/warp.cu:915)
Warp CUDA error 700: an illegal memory access was encountered (in function wp_free_device_async, /builds/omniverse/warp/warp/native/warp.cu:915)
Warp CUDA error 700: an illegal memory access was encountered (in function wp_free_device_async, /builds/omniverse/warp/warp/native/warp.cu:915)
Warp CUDA error 700: an illegal memory access was encountered (in function wp_free_device_async, /builds/omniverse/warp/warp/native/warp.cu:915)
Warp CUDA error 700: an illegal memory access was encountered (in function wp_free_device_async, /builds/omniverse/warp/warp/native/warp.cu:915)
Warp CUDA error 700: an illegal memory access was encountered (in function wp_free_device_async, /builds/omniverse/warp/warp/native/warp.cu:915)
Warp CUDA error 700: an illegal memory access was encountered (in function wp_free_device_async, /builds/omniverse/warp/warp/native/warp.cu:915)
Warp CUDA error 700: an illegal memory access was encountered (in function wp_free_device_async, /builds/omniverse/warp/warp/native/warp.cu:915)
Warp CUDA error 700: an illegal memory access was encountered (in function wp_free_device_async, /builds/omniverse/warp/warp/native/warp.cu:915)
Warp CUDA error 700: an illegal memory access was encountered (in function wp_free_device_async, /builds/omniverse/warp/warp/native/warp.cu:915)
Warp CUDA error 700: an illegal memory access was encountered (in function wp_free_device_async, /builds/omniverse/warp/warp/native/warp.cu:915)
Warp CUDA error 700: an illegal memory access was encountered (in function wp_free_device_async, /builds/omniverse/warp/warp/native/warp.cu:915)
Warp CUDA error 700: an illegal memory access was encountered (in function wp_free_device_async, /builds/omniverse/warp/warp/native/warp.cu:915)
Warp CUDA error 700: an illegal memory access was encountered (in function wp_free_device_async, /builds/omniverse/warp/warp/native/warp.cu:915)
Warp CUDA error 700: an illegal memory access was encountered (in function wp_free_device_async, /builds/omniverse/warp/warp/native/warp.cu:915)
Warp CUDA error 700: an illegal memory access was encountered (in function wp_free_device_async, /builds/omniverse/warp/warp/native/warp.cu:915)
Warp CUDA error 700: an illegal memory access was encountered (in function wp_free_device_async, /builds/omniverse/warp/warp/native/warp.cu:915)
Warp CUDA error 700: an illegal memory access was encountered (in function wp_free_device_async, /builds/omniverse/warp/warp/native/warp.cu:915)
Warp CUDA error 700: an illegal memory access was encountered (in function wp_free_device_async, /builds/omniverse/warp/warp/native/warp.cu:915)
Warp CUDA error 700: an illegal memory access was encountered (in function wp_free_device_async, /builds/omniverse/warp/warp/native/warp.cu:915)
Warp CUDA error 700: an illegal memory access was encountered (in function wp_free_device_async, /builds/omniverse/warp/warp/native/warp.cu:915)
Warp CUDA error 700: an illegal memory access was encountered (in function wp_free_device_async, /builds/omniverse/warp/warp/native/warp.cu:915)
Warp CUDA error 700: an illegal memory access was encountered (in function wp_free_device_async, /builds/omniverse/warp/warp/native/warp.cu:915)
Warp CUDA error 700: an illegal memory access was encountered (in function wp_free_device_async, /builds/omniverse/warp/warp/native/warp.cu:915)
Warp CUDA error 700: an illegal memory access was encountered (in function wp_free_device_async, /builds/omniverse/warp/warp/native/warp.cu:915)
Warp CUDA error 700: an illegal memory access was encountered (in function wp_free_device_async, /builds/omniverse/warp/warp/native/warp.cu:915)
Warp CUDA error 700: an illegal memory access was encountered (in function wp_free_device_async, /builds/omniverse/warp/warp/native/warp.cu:915)
Warp CUDA error 700: an illegal memory access was encountered (in function wp_free_device_async, /builds/omniverse/warp/warp/native/warp.cu:915)
Warp CUDA error 700: an illegal memory access was encountered (in function wp_free_device_async, /builds/omniverse/warp/warp/native/warp.cu:915)
Warp CUDA error 700: an illegal memory access was encountered (in function wp_free_device_async, /builds/omniverse/warp/warp/native/warp.cu:915)
Warp CUDA error 700: an illegal memory access was encountered (in function wp_free_device_async, /builds/omniverse/warp/warp/native/warp.cu:915)
Warp CUDA error 700: an illegal memory access was encountered (in function wp_free_device_async, /builds/omniverse/warp/warp/native/warp.cu:915)
Warp CUDA error 700: an illegal memory access was encountered (in function wp_free_device_async, /builds/omniverse/warp/warp/native/warp.cu:915)
Warp CUDA error 700: an illegal memory access was encountered (in function wp_free_device_async, /builds/omniverse/warp/warp/native/warp.cu:915)
Warp CUDA error 700: an illegal memory access was encountered (in function wp_free_device_async, /builds/omniverse/warp/warp/native/warp.cu:915)
Warp CUDA error 700: an illegal memory access was encountered (in function wp_free_device_async, /builds/omniverse/warp/warp/native/warp.cu:915)
Warp CUDA error 700: an illegal memory access was encountered (in function wp_free_device_async, /builds/omniverse/warp/warp/native/warp.cu:915)
Warp CUDA error 700: an illegal memory access was encountered (in function wp_free_device_async, /builds/omniverse/warp/warp/native/warp.cu:915)
Warp CUDA error 700: an illegal memory access was encountered (in function wp_free_device_async, /builds/omniverse/warp/warp/native/warp.cu:915)
Warp CUDA error 700: an illegal memory access was encountered (in function wp_free_device_async, /builds/omniverse/warp/warp/native/warp.cu:915)
Warp CUDA error 700: an illegal memory access was encountered (in function wp_free_device_async, /builds/omniverse/warp/warp/native/warp.cu:915)
Warp CUDA error 700: an illegal memory access was encountered (in function wp_free_device_async, /builds/omniverse/warp/warp/native/warp.cu:915)
Warp CUDA error 700: an illegal memory access was encountered (in function wp_free_device_async, /builds/omniverse/warp/warp/native/warp.cu:915)
Warp CUDA error 700: an illegal memory access was encountered (in function wp_free_device_async, /builds/omniverse/warp/warp/native/warp.cu:915)
Warp CUDA error 700: an illegal memory access was encountered (in function wp_free_device_async, /builds/omniverse/warp/warp/native/warp.cu:915)
Warp CUDA error 700: an illegal memory access was encountered (in function wp_free_device_async, /builds/omniverse/warp/warp/native/warp.cu:915)
Warp CUDA error 700: an illegal memory access was encountered (in function wp_free_device_async, /builds/omniverse/warp/warp/native/warp.cu:915)
Warp CUDA error 700: an illegal memory access was encountered (in function wp_free_device_async, /builds/omniverse/warp/warp/native/warp.cu:915)
Warp CUDA error 700: an illegal memory access was encountered (in function wp_free_device_async, /builds/omniverse/warp/warp/native/warp.cu:915)
Warp CUDA error 700: an illegal memory access was encountered (in function wp_free_device_async, /builds/omniverse/warp/warp/native/warp.cu:915)
Warp CUDA error 700: an illegal memory access was encountered (in function wp_free_device_async, /builds/omniverse/warp/warp/native/warp.cu:915)
Warp CUDA error 700: an illegal memory access was encountered (in function wp_free_device_async, /builds/omniverse/warp/warp/native/warp.cu:915)
Warp CUDA error 700: an illegal memory access was encountered (in function wp_free_device_async, /builds/omniverse/warp/warp/native/warp.cu:915)
Warp CUDA error 700: an illegal memory access was encountered (in function wp_free_device_async, /builds/omniverse/warp/warp/native/warp.cu:915)
Warp CUDA error 700: an illegal memory access was encountered (in function wp_free_device_async, /builds/omniverse/warp/warp/native/warp.cu:915)
Warp CUDA error 700: an illegal memory access was encountered (in function wp_free_device_async, /builds/omniverse/warp/warp/native/warp.cu:915)
Warp CUDA error 700: an illegal memory access was encountered (in function wp_free_device_async, /builds/omniverse/warp/warp/native/warp.cu:915)
Warp CUDA error 700: an illegal memory access was encountered (in function wp_free_device_async, /builds/omniverse/warp/warp/native/warp.cu:915)
Warp CUDA error 700: an illegal memory access was encountered (in function wp_free_device_async, /builds/omniverse/warp/warp/native/warp.cu:915)
Warp CUDA error 700: an illegal memory access was encountered (in function wp_free_device_async, /builds/omniverse/warp/warp/native/warp.cu:915)
Warp CUDA error 700: an illegal memory access was encountered (in function wp_free_device_async, /builds/omniverse/warp/warp/native/warp.cu:915)
Warp CUDA error 700: an illegal memory access was encountered (in function wp_free_device_async, /builds/omniverse/warp/warp/native/warp.cu:915)
Warp CUDA error 700: an illegal memory access was encountered (in function wp_free_device_async, /builds/omniverse/warp/warp/native/warp.cu:915)
Warp CUDA error 700: an illegal memory access was encountered (in function wp_free_device_async, /builds/omniverse/warp/warp/native/warp.cu:915)
Warp CUDA error 700: an illegal memory access was encountered (in function wp_free_device_async, /builds/omniverse/warp/warp/native/warp.cu:915)
Warp CUDA error 700: an illegal memory access was encountered (in function wp_free_device_async, /builds/omniverse/warp/warp/native/warp.cu:915)
Warp CUDA error 700: an illegal memory access was encountered (in function wp_free_device_async, /builds/omniverse/warp/warp/native/warp.cu:915)
Warp CUDA error 700: an illegal memory access was encountered (in function wp_free_device_async, /builds/omniverse/warp/warp/native/warp.cu:915)
Warp CUDA error 700: an illegal memory access was encountered (in function wp_free_device_async, /builds/omniverse/warp/warp/native/warp.cu:915)
Warp CUDA error 700: an illegal memory access was encountered (in function wp_free_device_async, /builds/omniverse/warp/warp/native/warp.cu:915)
Warp CUDA error 700: an illegal memory access was encountered (in function wp_free_device_async, /builds/omniverse/warp/warp/native/warp.cu:915)
Warp CUDA error 700: an illegal memory access was encountered (in function wp_free_device_async, /builds/omniverse/warp/warp/native/warp.cu:915)
Warp CUDA error 700: an illegal memory access was encountered (in function wp_free_device_async, /builds/omniverse/warp/warp/native/warp.cu:915)
Warp CUDA error 700: an illegal memory access was encountered (in function wp_free_device_async, /builds/omniverse/warp/warp/native/warp.cu:915)
Warp CUDA error 700: an illegal memory access was encountered (in function wp_free_device_async, /builds/omniverse/warp/warp/native/warp.cu:915)
Warp CUDA error 700: an illegal memory access was encountered (in function wp_free_device_async, /builds/omniverse/warp/warp/native/warp.cu:915)
Warp CUDA error 700: an illegal memory access was encountered (in function wp_free_device_async, /builds/omniverse/warp/warp/native/warp.cu:915)
Warp CUDA error 700: an illegal memory access was encountered (in function wp_free_device_async, /builds/omniverse/warp/warp/native/warp.cu:915)
Warp CUDA error 700: an illegal memory access was encountered (in function wp_free_device_async, /builds/omniverse/warp/warp/native/warp.cu:915)
Warp CUDA error 700: an illegal memory access was encountered (in function wp_free_device_async, /builds/omniverse/warp/warp/native/warp.cu:915)
Warp CUDA error 700: an illegal memory access was encountered (in function wp_free_device_async, /builds/omniverse/warp/warp/native/warp.cu:915)
Warp CUDA error 700: an illegal memory access was encountered (in function wp_free_device_async, /builds/omniverse/warp/warp/native/warp.cu:915)
Warp CUDA error 700: an illegal memory access was encountered (in function wp_free_device_async, /builds/omniverse/warp/warp/native/warp.cu:915)
Warp CUDA error 700: an illegal memory access was encountered (in function wp_free_device_async, /builds/omniverse/warp/warp/native/warp.cu:915)
Warp CUDA error 700: an illegal memory access was encountered (in function wp_free_device_async, /builds/omniverse/warp/warp/native/warp.cu:915)
Warp CUDA error 700: an illegal memory access was encountered (in function wp_free_device_async, /builds/omniverse/warp/warp/native/warp.cu:915)
Warp CUDA error 700: an illegal memory access was encountered (in function wp_free_device_async, /builds/omniverse/warp/warp/native/warp.cu:915)
Warp CUDA error 700: an illegal memory access was encountered (in function wp_free_device_async, /builds/omniverse/warp/warp/native/warp.cu:915)
Warp CUDA error 700: an illegal memory access was encountered (in function wp_free_device_async, /builds/omniverse/warp/warp/native/warp.cu:915)
Warp CUDA error 700: an illegal memory access was encountered (in function wp_free_device_async, /builds/omniverse/warp/warp/native/warp.cu:915)
Warp CUDA error 700: an illegal memory access was encountered (in function wp_free_device_async, /builds/omniverse/warp/warp/native/warp.cu:915)
Warp CUDA error 700: an illegal memory access was encountered (in function wp_free_device_async, /builds/omniverse/warp/warp/native/warp.cu:915)
Warp CUDA error 700: an illegal memory access was encountered (in function wp_free_device_async, /builds/omniverse/warp/warp/native/warp.cu:915)
Warp CUDA error 700: an illegal memory access was encountered (in function wp_free_device_async, /builds/omniverse/warp/warp/native/warp.cu:915)
Warp CUDA error 700: an illegal memory access was encountered (in function wp_free_device_async, /builds/omniverse/warp/warp/native/warp.cu:915)
Warp CUDA error 700: an illegal memory access was encountered (in function wp_free_device_async, /builds/omniverse/warp/warp/native/warp.cu:915)
Warp CUDA error 700: an illegal memory access was encountered (in function wp_free_device_async, /builds/omniverse/warp/warp/native/warp.cu:915)
Warp CUDA error 700: an illegal memory access was encountered (in function wp_free_device_async, /builds/omniverse/warp/warp/native/warp.cu:915)
Warp CUDA error 700: an illegal memory access was encountered (in function wp_free_device_async, /builds/omniverse/warp/warp/native/warp.cu:915)
Warp CUDA error 700: an illegal memory access was encountered (in function wp_free_device_async, /builds/omniverse/warp/warp/native/warp.cu:915)
Warp CUDA error 700: an illegal memory access was encountered (in function wp_free_device_async, /builds/omniverse/warp/warp/native/warp.cu:915)
Warp CUDA error 700: an illegal memory access was encountered (in function wp_free_device_async, /builds/omniverse/warp/warp/native/warp.cu:915)
Warp CUDA error 700: an illegal memory access was encountered (in function wp_free_device_async, /builds/omniverse/warp/warp/native/warp.cu:915)
Warp CUDA error 700: an illegal memory access was encountered (in function wp_free_device_async, /builds/omniverse/warp/warp/native/warp.cu:915)
Warp CUDA error 700: an illegal memory access was encountered (in function wp_free_device_async, /builds/omniverse/warp/warp/native/warp.cu:915)
Warp CUDA error 700: an illegal memory access was encountered (in function wp_free_device_async, /builds/omniverse/warp/warp/native/warp.cu:915)
Warp CUDA error 700: an illegal memory access was encountered (in function wp_free_device_async, /builds/omniverse/warp/warp/native/warp.cu:915)
Warp CUDA error 700: an illegal memory access was encountered (in function wp_free_device_async, /builds/omniverse/warp/warp/native/warp.cu:915)
Warp CUDA error 700: an illegal memory access was encountered (in function wp_free_device_async, /builds/omniverse/warp/warp/native/warp.cu:915)
Warp CUDA error 700: an illegal memory access was encountered (in function wp_free_device_async, /builds/omniverse/warp/warp/native/warp.cu:915)
Warp CUDA error 700: an illegal memory access was encountered (in function wp_free_device_async, /builds/omniverse/warp/warp/native/warp.cu:915)
Warp CUDA error 700: an illegal memory access was encountered (in function wp_free_device_async, /builds/omniverse/warp/warp/native/warp.cu:915)
Warp CUDA error 700: an illegal memory access was encountered (in function wp_free_device_async, /builds/omniverse/warp/warp/native/warp.cu:915)
Warp CUDA error 700: an illegal memory access was encountered (in function wp_free_device_async, /builds/omniverse/warp/warp/native/warp.cu:915)
Warp CUDA error 700: an illegal memory access was encountered (in function wp_free_device_async, /builds/omniverse/warp/warp/native/warp.cu:915)
Warp CUDA error 700: an illegal memory access was encountered (in function wp_free_device_async, /builds/omniverse/warp/warp/native/warp.cu:915)
Warp CUDA error 700: an illegal memory access was encountered (in function wp_free_device_async, /builds/omniverse/warp/warp/native/warp.cu:915)
Warp CUDA error 700: an illegal memory access was encountered (in function wp_free_device_async, /builds/omniverse/warp/warp/native/warp.cu:915)
Warp CUDA error 700: an illegal memory access was encountered (in function wp_free_device_async, /builds/omniverse/warp/warp/native/warp.cu:915)
Warp CUDA error 700: an illegal memory access was encountered (in function wp_free_device_async, /builds/omniverse/warp/warp/native/warp.cu:915)
Warp CUDA error 700: an illegal memory access was encountered (in function wp_free_device_async, /builds/omniverse/warp/warp/native/warp.cu:915)
Warp CUDA error 700: an illegal memory access was encountered (in function wp_free_device_async, /builds/omniverse/warp/warp/native/warp.cu:915)
Warp CUDA error 700: an illegal memory access was encountered (in function wp_free_device_async, /builds/omniverse/warp/warp/native/warp.cu:915)
Warp CUDA error 700: an illegal memory access was encountered (in function wp_free_device_async, /builds/omniverse/warp/warp/native/warp.cu:915)
Warp CUDA error 700: an illegal memory access was encountered (in function wp_free_device_async, /builds/omniverse/warp/warp/native/warp.cu:915)
Warp CUDA error 700: an illegal memory access was encountered (in function wp_free_device_async, /builds/omniverse/warp/warp/native/warp.cu:915)
Warp CUDA error 700: an illegal memory access was encountered (in function wp_free_device_async, /builds/omniverse/warp/warp/native/warp.cu:915)
Warp CUDA error 700: an illegal memory access was encountered (in function wp_free_device_async, /builds/omniverse/warp/warp/native/warp.cu:915)
Warp CUDA error 700: an illegal memory access was encountered (in function wp_free_device_async, /builds/omniverse/warp/warp/native/warp.cu:915)
Warp CUDA error 700: an illegal memory access was encountered (in function wp_free_device_async, /builds/omniverse/warp/warp/native/warp.cu:915)
Warp CUDA error 700: an illegal memory access was encountered (in function wp_free_device_async, /builds/omniverse/warp/warp/native/warp.cu:915)
Warp CUDA error 700: an illegal memory access was encountered (in function wp_free_device_async, /builds/omniverse/warp/warp/native/warp.cu:915)
Warp CUDA error 700: an illegal memory access was encountered (in function wp_free_device_async, /builds/omniverse/warp/warp/native/warp.cu:915)
Warp CUDA error 700: an illegal memory access was encountered (in function wp_free_device_async, /builds/omniverse/warp/warp/native/warp.cu:915)
Warp CUDA error 700: an illegal memory access was encountered (in function wp_free_device_async, /builds/omniverse/warp/warp/native/warp.cu:915)
Warp CUDA error 700: an illegal memory access was encountered (in function wp_free_device_async, /builds/omniverse/warp/warp/native/warp.cu:915)
Warp CUDA error 700: an illegal memory access was encountered (in function wp_free_device_async, /builds/omniverse/warp/warp/native/warp.cu:915)
Warp CUDA error 700: an illegal memory access was encountered (in function wp_free_device_async, /builds/omniverse/warp/warp/native/warp.cu:915)
Warp CUDA error 700: an illegal memory access was encountered (in function wp_free_device_async, /builds/omniverse/warp/warp/native/warp.cu:915)
Warp CUDA error 700: an illegal memory access was encountered (in function wp_free_device_async, /builds/omniverse/warp/warp/native/warp.cu:915)
Warp CUDA error 700: an illegal memory access was encountered (in function wp_free_device_async, /builds/omniverse/warp/warp/native/warp.cu:915)
Warp CUDA error 700: an illegal memory access was encountered (in function wp_free_device_async, /builds/omniverse/warp/warp/native/warp.cu:915)
Warp CUDA error 700: an illegal memory access was encountered (in function wp_free_device_async, /builds/omniverse/warp/warp/native/warp.cu:915)
Warp CUDA error 700: an illegal memory access was encountered (in function wp_free_device_async, /builds/omniverse/warp/warp/native/warp.cu:915)
Warp CUDA error 700: an illegal memory access was encountered (in function wp_free_device_async, /builds/omniverse/warp/warp/native/warp.cu:915)
Warp CUDA error 700: an illegal memory access was encountered (in function wp_free_device_async, /builds/omniverse/warp/warp/native/warp.cu:915)
Warp CUDA error 700: an illegal memory access was encountered (in function wp_free_device_async, /builds/omniverse/warp/warp/native/warp.cu:915)
Warp CUDA error 700: an illegal memory access was encountered (in function wp_free_device_async, /builds/omniverse/warp/warp/native/warp.cu:915)
Warp CUDA error 700: an illegal memory access was encountered (in function wp_free_device_async, /builds/omniverse/warp/warp/native/warp.cu:915)
Warp CUDA error 700: an illegal memory access was encountered (in function wp_free_device_async, /builds/omniverse/warp/warp/native/warp.cu:915)
Warp CUDA error 700: an illegal memory access was encountered (in function wp_free_device_async, /builds/omniverse/warp/warp/native/warp.cu:915)
Warp CUDA error 700: an illegal memory access was encountered (in function wp_free_device_async, /builds/omniverse/warp/warp/native/warp.cu:915)
Warp CUDA error 700: an illegal memory access was encountered (in function wp_free_device_async, /builds/omniverse/warp/warp/native/warp.cu:915)
Warp CUDA error 700: an illegal memory access was encountered (in function wp_free_device_async, /builds/omniverse/warp/warp/native/warp.cu:915)
Warp CUDA error 700: an illegal memory access was encountered (in function wp_free_device_async, /builds/omniverse/warp/warp/native/warp.cu:915)
Warp CUDA error 700: an illegal memory access was encountered (in function wp_free_device_async, /builds/omniverse/warp/warp/native/warp.cu:915)
Warp CUDA error 700: an illegal memory access was encountered (in function wp_free_device_async, /builds/omniverse/warp/warp/native/warp.cu:915)
Warp CUDA error 700: an illegal memory access was encountered (in function wp_free_device_async, /builds/omniverse/warp/warp/native/warp.cu:915)
Warp CUDA error 700: an illegal memory access was encountered (in function wp_free_device_async, /builds/omniverse/warp/warp/native/warp.cu:915)
Warp CUDA error 700: an illegal memory access was encountered (in function wp_free_device_async, /builds/omniverse/warp/warp/native/warp.cu:915)
Warp CUDA error 700: an illegal memory access was encountered (in function wp_free_device_async, /builds/omniverse/warp/warp/native/warp.cu:915)
Warp CUDA error 700: an illegal memory access was encountered (in function wp_free_device_async, /builds/omniverse/warp/warp/native/warp.cu:915)
Warp CUDA error 700: an illegal memory access was encountered (in function wp_free_device_async, /builds/omniverse/warp/warp/native/warp.cu:915)
Warp CUDA error 700: an illegal memory access was encountered (in function wp_free_device_async, /builds/omniverse/warp/warp/native/warp.cu:915)
Warp CUDA error 700: an illegal memory access was encountered (in function wp_free_device_async, /builds/omniverse/warp/warp/native/warp.cu:915)
Warp CUDA error 700: an illegal memory access was encountered (in function wp_free_device_async, /builds/omniverse/warp/warp/native/warp.cu:915)
Warp CUDA error 700: an illegal memory access was encountered (in function wp_free_device_async, /builds/omniverse/warp/warp/native/warp.cu:915)
Warp CUDA error 700: an illegal memory access was encountered (in function wp_free_device_async, /builds/omniverse/warp/warp/native/warp.cu:915)
Warp CUDA error 700: an illegal memory access was encountered (in function wp_free_device_async, /builds/omniverse/warp/warp/native/warp.cu:915)
Warp CUDA error 700: an illegal memory access was encountered (in function wp_free_device_async, /builds/omniverse/warp/warp/native/warp.cu:915)
Warp CUDA error 700: an illegal memory access was encountered (in function wp_free_device_async, /builds/omniverse/warp/warp/native/warp.cu:915)
Warp CUDA error 700: an illegal memory access was encountered (in function wp_free_device_async, /builds/omniverse/warp/warp/native/warp.cu:915)
Warp CUDA error 700: an illegal memory access was encountered (in function wp_free_device_async, /builds/omniverse/warp/warp/native/warp.cu:915)
Warp CUDA error 700: an illegal memory access was encountered (in function wp_free_device_async, /builds/omniverse/warp/warp/native/warp.cu:915)
Warp CUDA error 700: an illegal memory access was encountered (in function wp_free_device_async, /builds/omniverse/warp/warp/native/warp.cu:915)
Warp CUDA error 700: an illegal memory access was encountered (in function wp_free_device_async, /builds/omniverse/warp/warp/native/warp.cu:915)
Warp CUDA error 700: an illegal memory access was encountered (in function wp_free_device_async, /builds/omniverse/warp/warp/native/warp.cu:915)
Warp CUDA error 700: an illegal memory access was encountered (in function wp_free_device_async, /builds/omniverse/warp/warp/native/warp.cu:915)
Warp CUDA error 700: an illegal memory access was encountered (in function wp_free_device_async, /builds/omniverse/warp/warp/native/warp.cu:915)
Warp CUDA error 700: an illegal memory access was encountered (in function wp_free_device_async, /builds/omniverse/warp/warp/native/warp.cu:915)
Warp CUDA error 700: an illegal memory access was encountered (in function wp_free_device_async, /builds/omniverse/warp/warp/native/warp.cu:915)
Warp CUDA error 700: an illegal memory access was encountered (in function wp_free_device_async, /builds/omniverse/warp/warp/native/warp.cu:915)
Warp CUDA error 700: an illegal memory access was encountered (in function wp_free_device_async, /builds/omniverse/warp/warp/native/warp.cu:915)
Warp CUDA error 700: an illegal memory access was encountered (in function wp_free_device_async, /builds/omniverse/warp/warp/native/warp.cu:915)
Warp CUDA error 700: an illegal memory access was encountered (in function wp_free_device_async, /builds/omniverse/warp/warp/native/warp.cu:915)
Warp CUDA error 700: an illegal memory access was encountered (in function wp_free_device_async, /builds/omniverse/warp/warp/native/warp.cu:915)
Warp CUDA error 700: an illegal memory access was encountered (in function wp_free_device_async, /builds/omniverse/warp/warp/native/warp.cu:915)
Warp CUDA error 700: an illegal memory access was encountered (in function wp_free_device_async, /builds/omniverse/warp/warp/native/warp.cu:915)
Warp CUDA error 700: an illegal memory access was encountered (in function wp_free_device_async, /builds/omniverse/warp/warp/native/warp.cu:915)
Warp CUDA error 700: an illegal memory access was encountered (in function wp_free_device_async, /builds/omniverse/warp/warp/native/warp.cu:915)
Warp CUDA error 700: an illegal memory access was encountered (in function wp_free_device_async, /builds/omniverse/warp/warp/native/warp.cu:915)
Warp CUDA error 700: an illegal memory access was encountered (in function wp_free_device_async, /builds/omniverse/warp/warp/native/warp.cu:915)
Warp CUDA error 700: an illegal memory access was encountered (in function wp_free_device_async, /builds/omniverse/warp/warp/native/warp.cu:915)
Warp CUDA error 700: an illegal memory access was encountered (in function wp_free_device_async, /builds/omniverse/warp/warp/native/warp.cu:915)
Warp CUDA error 700: an illegal memory access was encountered (in function wp_free_device_async, /builds/omniverse/warp/warp/native/warp.cu:915)
Warp CUDA error 700: an illegal memory access was encountered (in function wp_free_device_async, /builds/omniverse/warp/warp/native/warp.cu:915)
Warp CUDA error 700: an illegal memory access was encountered (in function wp_free_device_async, /builds/omniverse/warp/warp/native/warp.cu:915)
Warp CUDA error 700: an illegal memory access was encountered (in function wp_free_device_async, /builds/omniverse/warp/warp/native/warp.cu:915)
Warp CUDA error 700: an illegal memory access was encountered (in function wp_free_device_async, /builds/omniverse/warp/warp/native/warp.cu:915)
Warp CUDA error 700: an illegal memory access was encountered (in function wp_free_device_async, /builds/omniverse/warp/warp/native/warp.cu:915)
Warp CUDA error 700: an illegal memory access was encountered (in function wp_free_device_async, /builds/omniverse/warp/warp/native/warp.cu:915)
Warp CUDA error 700: an illegal memory access was encountered (in function wp_free_device_async, /builds/omniverse/warp/warp/native/warp.cu:915)
Warp CUDA error 700: an illegal memory access was encountered (in function wp_free_device_async, /builds/omniverse/warp/warp/native/warp.cu:915)
Warp CUDA error 700: an illegal memory access was encountered (in function wp_free_device_async, /builds/omniverse/warp/warp/native/warp.cu:915)
Warp CUDA error 700: an illegal memory access was encountered (in function wp_free_device_async, /builds/omniverse/warp/warp/native/warp.cu:915)
Warp CUDA error 700: an illegal memory access was encountered (in function wp_free_device_async, /builds/omniverse/warp/warp/native/warp.cu:915)
Warp CUDA error 700: an illegal memory access was encountered (in function wp_free_device_async, /builds/omniverse/warp/warp/native/warp.cu:915)
Warp CUDA error 700: an illegal memory access was encountered (in function wp_free_device_async, /builds/omniverse/warp/warp/native/warp.cu:915)
Warp CUDA error 700: an illegal memory access was encountered (in function wp_free_device_async, /builds/omniverse/warp/warp/native/warp.cu:915)
Warp CUDA error 700: an illegal memory access was encountered (in function wp_free_device_async, /builds/omniverse/warp/warp/native/warp.cu:915)
Warp CUDA error 700: an illegal memory access was encountered (in function wp_free_device_async, /builds/omniverse/warp/warp/native/warp.cu:915)
Warp CUDA error 700: an illegal memory access was encountered (in function wp_free_device_async, /builds/omniverse/warp/warp/native/warp.cu:915)
Warp CUDA error 700: an illegal memory access was encountered (in function wp_free_device_async, /builds/omniverse/warp/warp/native/warp.cu:915)
Warp CUDA error 700: an illegal memory access was encountered (in function wp_free_device_async, /builds/omniverse/warp/warp/native/warp.cu:915)
Warp CUDA error 700: an illegal memory access was encountered (in function wp_free_device_async, /builds/omniverse/warp/warp/native/warp.cu:915)
Warp CUDA error 700: an illegal memory access was encountered (in function wp_free_device_async, /builds/omniverse/warp/warp/native/warp.cu:915)
Warp CUDA error 700: an illegal memory access was encountered (in function wp_free_device_async, /builds/omniverse/warp/warp/native/warp.cu:915)
Warp CUDA error 700: an illegal memory access was encountered (in function wp_free_device_async, /builds/omniverse/warp/warp/native/warp.cu:915)
Warp CUDA error 700: an illegal memory access was encountered (in function wp_free_device_async, /builds/omniverse/warp/warp/native/warp.cu:915)
Warp CUDA error 700: an illegal memory access was encountered (in function wp_free_device_async, /builds/omniverse/warp/warp/native/warp.cu:915)
Warp CUDA error 700: an illegal memory access was encountered (in function wp_free_device_async, /builds/omniverse/warp/warp/native/warp.cu:915)
Warp CUDA error 700: an illegal memory access was encountered (in function wp_free_device_async, /builds/omniverse/warp/warp/native/warp.cu:915)
Warp CUDA error 700: an illegal memory access was encountered (in function wp_free_device_async, /builds/omniverse/warp/warp/native/warp.cu:915)
Warp CUDA error 700: an illegal memory access was encountered (in function wp_free_device_async, /builds/omniverse/warp/warp/native/warp.cu:915)
Warp CUDA error 700: an illegal memory access was encountered (in function wp_free_device_async, /builds/omniverse/warp/warp/native/warp.cu:915)
Warp CUDA error 700: an illegal memory access was encountered (in function wp_free_device_async, /builds/omniverse/warp/warp/native/warp.cu:915)
Warp CUDA error 700: an illegal memory access was encountered (in function wp_free_device_async, /builds/omniverse/warp/warp/native/warp.cu:915)
Warp CUDA error 700: an illegal memory access was encountered (in function wp_free_device_async, /builds/omniverse/warp/warp/native/warp.cu:915)
Warp CUDA error 700: an illegal memory access was encountered (in function wp_free_device_async, /builds/omniverse/warp/warp/native/warp.cu:915)
Warp CUDA error 700: an illegal memory access was encountered (in function wp_free_device_async, /builds/omniverse/warp/warp/native/warp.cu:915)
Warp CUDA error 700: an illegal memory access was encountered (in function wp_free_device_async, /builds/omniverse/warp/warp/native/warp.cu:915)
Warp CUDA error 700: an illegal memory access was encountered (in function wp_free_device_async, /builds/omniverse/warp/warp/native/warp.cu:915)
Warp CUDA error 700: an illegal memory access was encountered (in function wp_free_device_async, /builds/omniverse/warp/warp/native/warp.cu:915)
Warp CUDA error 700: an illegal memory access was encountered (in function wp_free_device_async, /builds/omniverse/warp/warp/native/warp.cu:915)
Warp CUDA error 700: an illegal memory access was encountered (in function wp_free_device_async, /builds/omniverse/warp/warp/native/warp.cu:915)
Warp CUDA error 700: an illegal memory access was encountered (in function wp_free_device_async, /builds/omniverse/warp/warp/native/warp.cu:915)
Warp CUDA error 700: an illegal memory access was encountered (in function wp_free_device_async, /builds/omniverse/warp/warp/native/warp.cu:915)
Warp CUDA error 700: an illegal memory access was encountered (in function wp_free_device_async, /builds/omniverse/warp/warp/native/warp.cu:915)
Warp CUDA error 700: an illegal memory access was encountered (in function wp_free_device_async, /builds/omniverse/warp/warp/native/warp.cu:915)
Warp CUDA error 700: an illegal memory access was encountered (in function wp_free_device_async, /builds/omniverse/warp/warp/native/warp.cu:915)
Warp CUDA error 700: an illegal memory access was encountered (in function wp_free_device_async, /builds/omniverse/warp/warp/native/warp.cu:915)
Warp CUDA error 700: an illegal memory access was encountered (in function wp_free_device_async, /builds/omniverse/warp/warp/native/warp.cu:915)
Warp CUDA error 700: an illegal memory access was encountered (in function wp_free_device_async, /builds/omniverse/warp/warp/native/warp.cu:915)
Warp CUDA error 700: an illegal memory access was encountered (in function wp_free_device_async, /builds/omniverse/warp/warp/native/warp.cu:915)
Warp CUDA error 700: an illegal memory access was encountered (in function wp_free_device_async, /builds/omniverse/warp/warp/native/warp.cu:915)
Warp CUDA error 700: an illegal memory access was encountered (in function wp_free_device_async, /builds/omniverse/warp/warp/native/warp.cu:915)
Warp CUDA error 700: an illegal memory access was encountered (in function wp_free_device_async, /builds/omniverse/warp/warp/native/warp.cu:915)
Warp CUDA error 700: an illegal memory access was encountered (in function wp_free_device_async, /builds/omniverse/warp/warp/native/warp.cu:915)
Warp CUDA error 700: an illegal memory access was encountered (in function wp_free_device_async, /builds/omniverse/warp/warp/native/warp.cu:915)
Warp CUDA error 700: an illegal memory access was encountered (in function wp_free_device_async, /builds/omniverse/warp/warp/native/warp.cu:915)
Warp CUDA error 700: an illegal memory access was encountered (in function wp_free_device_async, /builds/omniverse/warp/warp/native/warp.cu:915)
Warp CUDA error 700: an illegal memory access was encountered (in function wp_free_device_async, /builds/omniverse/warp/warp/native/warp.cu:915)
Warp CUDA error 700: an illegal memory access was encountered (in function wp_free_device_async, /builds/omniverse/warp/warp/native/warp.cu:915)
Warp CUDA error 700: an illegal memory access was encountered (in function wp_free_device_async, /builds/omniverse/warp/warp/native/warp.cu:915)
Warp CUDA error 700: an illegal memory access was encountered (in function wp_free_device_async, /builds/omniverse/warp/warp/native/warp.cu:915)
Warp CUDA error 700: an illegal memory access was encountered (in function wp_free_device_async, /builds/omniverse/warp/warp/native/warp.cu:915)
Warp CUDA error 700: an illegal memory access was encountered (in function wp_free_device_async, /builds/omniverse/warp/warp/native/warp.cu:915)
Warp CUDA error 700: an illegal memory access was encountered (in function wp_free_device_async, /builds/omniverse/warp/warp/native/warp.cu:915)
Warp CUDA error 700: an illegal memory access was encountered (in function wp_free_device_async, /builds/omniverse/warp/warp/native/warp.cu:915)
Warp CUDA error 700: an illegal memory access was encountered (in function wp_free_device_async, /builds/omniverse/warp/warp/native/warp.cu:915)
Warp CUDA error 700: an illegal memory access was encountered (in function wp_free_device_async, /builds/omniverse/warp/warp/native/warp.cu:915)
Warp CUDA error 700: an illegal memory access was encountered (in function wp_free_device_async, /builds/omniverse/warp/warp/native/warp.cu:915)
Warp CUDA error 700: an illegal memory access was encountered (in function wp_free_device_async, /builds/omniverse/warp/warp/native/warp.cu:915)
Warp CUDA error 700: an illegal memory access was encountered (in function wp_free_device_async, /builds/omniverse/warp/warp/native/warp.cu:915)
Warp CUDA error 700: an illegal memory access was encountered (in function wp_free_device_async, /builds/omniverse/warp/warp/native/warp.cu:915)
Warp CUDA error 700: an illegal memory access was encountered (in function wp_free_device_async, /builds/omniverse/warp/warp/native/warp.cu:915)
Warp CUDA error 700: an illegal memory access was encountered (in function wp_free_device_async, /builds/omniverse/warp/warp/native/warp.cu:915)
Warp CUDA error 700: an illegal memory access was encountered (in function wp_free_device_async, /builds/omniverse/warp/warp/native/warp.cu:915)
Warp CUDA error 700: an illegal memory access was encountered (in function wp_free_device_async, /builds/omniverse/warp/warp/native/warp.cu:915)
Warp CUDA error 700: an illegal memory access was encountered (in function wp_free_device_async, /builds/omniverse/warp/warp/native/warp.cu:915)
Warp CUDA error 700: an illegal memory access was encountered (in function wp_free_device_async, /builds/omniverse/warp/warp/native/warp.cu:915)
Warp CUDA error 700: an illegal memory access was encountered (in function wp_free_device_async, /builds/omniverse/warp/warp/native/warp.cu:915)
Warp CUDA error 700: an illegal memory access was encountered (in function wp_free_device_async, /builds/omniverse/warp/warp/native/warp.cu:915)
Warp CUDA error 700: an illegal memory access was encountered (in function wp_free_device_async, /builds/omniverse/warp/warp/native/warp.cu:915)
Warp CUDA error 700: an illegal memory access was encountered (in function wp_free_device_async, /builds/omniverse/warp/warp/native/warp.cu:915)
Warp CUDA error 700: an illegal memory access was encountered (in function wp_free_device_async, /builds/omniverse/warp/warp/native/warp.cu:915)
Warp CUDA error 700: an illegal memory access was encountered (in function wp_free_device_async, /builds/omniverse/warp/warp/native/warp.cu:915)
Warp CUDA error 700: an illegal memory access was encountered (in function wp_free_device_async, /builds/omniverse/warp/warp/native/warp.cu:915)
Warp CUDA error 700: an illegal memory access was encountered (in function wp_free_device_async, /builds/omniverse/warp/warp/native/warp.cu:915)
Warp CUDA error 700: an illegal memory access was encountered (in function wp_free_device_async, /builds/omniverse/warp/warp/native/warp.cu:915)
Warp CUDA error 700: an illegal memory access was encountered (in function wp_free_device_async, /builds/omniverse/warp/warp/native/warp.cu:915)
Warp CUDA error 700: an illegal memory access was encountered (in function wp_free_device_async, /builds/omniverse/warp/warp/native/warp.cu:915)
Warp CUDA error 700: an illegal memory access was encountered (in function wp_free_device_async, /builds/omniverse/warp/warp/native/warp.cu:915)
Warp CUDA error 700: an illegal memory access was encountered (in function wp_free_device_async, /builds/omniverse/warp/warp/native/warp.cu:915)
Warp CUDA error 700: an illegal memory access was encountered (in function wp_free_device_async, /builds/omniverse/warp/warp/native/warp.cu:915)
Warp CUDA error 700: an illegal memory access was encountered (in function wp_free_device_async, /builds/omniverse/warp/warp/native/warp.cu:915)
Warp CUDA error 700: an illegal memory access was encountered (in function wp_free_device_async, /builds/omniverse/warp/warp/native/warp.cu:915)
Warp CUDA error 700: an illegal memory access was encountered (in function wp_free_device_async, /builds/omniverse/warp/warp/native/warp.cu:915)
Warp CUDA error 700: an illegal memory access was encountered (in function wp_free_device_async, /builds/omniverse/warp/warp/native/warp.cu:915)
Warp CUDA error 700: an illegal memory access was encountered (in function wp_free_device_async, /builds/omniverse/warp/warp/native/warp.cu:915)
Warp CUDA error 700: an illegal memory access was encountered (in function wp_free_device_async, /builds/omniverse/warp/warp/native/warp.cu:915)
Warp CUDA error 700: an illegal memory access was encountered (in function wp_free_device_async, /builds/omniverse/warp/warp/native/warp.cu:915)
Warp CUDA error 700: an illegal memory access was encountered (in function wp_free_device_async, /builds/omniverse/warp/warp/native/warp.cu:915)
Warp CUDA error 700: an illegal memory access was encountered (in function wp_free_device_async, /builds/omniverse/warp/warp/native/warp.cu:915)
Warp CUDA error 700: an illegal memory access was encountered (in function wp_free_device_async, /builds/omniverse/warp/warp/native/warp.cu:915)
Warp CUDA error 700: an illegal memory access was encountered (in function wp_free_device_async, /builds/omniverse/warp/warp/native/warp.cu:915)
Warp CUDA error 700: an illegal memory access was encountered (in function wp_free_device_async, /builds/omniverse/warp/warp/native/warp.cu:915)
Warp CUDA error 700: an illegal memory access was encountered (in function wp_free_device_async, /builds/omniverse/warp/warp/native/warp.cu:915)
Warp CUDA error 700: an illegal memory access was encountered (in function wp_free_device_async, /builds/omniverse/warp/warp/native/warp.cu:915)
Warp CUDA error 700: an illegal memory access was encountered (in function wp_free_device_async, /builds/omniverse/warp/warp/native/warp.cu:915)
Warp CUDA error 700: an illegal memory access was encountered (in function wp_free_device_async, /builds/omniverse/warp/warp/native/warp.cu:915)
Warp CUDA error 700: an illegal memory access was encountered (in function wp_free_device_async, /builds/omniverse/warp/warp/native/warp.cu:915)
Warp CUDA error 700: an illegal memory access was encountered (in function wp_free_device_async, /builds/omniverse/warp/warp/native/warp.cu:915)
Warp CUDA error 700: an illegal memory access was encountered (in function wp_free_device_async, /builds/omniverse/warp/warp/native/warp.cu:915)
Warp CUDA error 700: an illegal memory access was encountered (in function wp_free_device_async, /builds/omniverse/warp/warp/native/warp.cu:915)
Warp CUDA error 700: an illegal memory access was encountered (in function wp_free_device_async, /builds/omniverse/warp/warp/native/warp.cu:915)
Warp CUDA error 700: an illegal memory access was encountered (in function wp_free_device_async, /builds/omniverse/warp/warp/native/warp.cu:915)
Warp CUDA error 700: an illegal memory access was encountered (in function wp_free_device_async, /builds/omniverse/warp/warp/native/warp.cu:915)
Warp CUDA error 700: an illegal memory access was encountered (in function wp_free_device_async, /builds/omniverse/warp/warp/native/warp.cu:915)
Warp CUDA error 700: an illegal memory access was encountered (in function wp_free_device_async, /builds/omniverse/warp/warp/native/warp.cu:915)
Warp CUDA error 700: an illegal memory access was encountered (in function wp_free_device_async, /builds/omniverse/warp/warp/native/warp.cu:915)
Warp CUDA error 700: an illegal memory access was encountered (in function wp_free_device_async, /builds/omniverse/warp/warp/native/warp.cu:915)
Warp CUDA error 700: an illegal memory access was encountered (in function wp_free_device_async, /builds/omniverse/warp/warp/native/warp.cu:915)
Warp CUDA error 700: an illegal memory access was encountered (in function wp_free_device_async, /builds/omniverse/warp/warp/native/warp.cu:915)
Warp CUDA error 700: an illegal memory access was encountered (in function wp_free_device_async, /builds/omniverse/warp/warp/native/warp.cu:915)
Warp CUDA error 700: an illegal memory access was encountered (in function wp_free_device_async, /builds/omniverse/warp/warp/native/warp.cu:915)
Warp CUDA error 700: an illegal memory access was encountered (in function wp_free_device_async, /builds/omniverse/warp/warp/native/warp.cu:915)
Warp CUDA error 700: an illegal memory access was encountered (in function wp_free_device_async, /builds/omniverse/warp/warp/native/warp.cu:915)
Warp CUDA error 700: an illegal memory access was encountered (in function wp_free_device_async, /builds/omniverse/warp/warp/native/warp.cu:915)
Warp CUDA error 700: an illegal memory access was encountered (in function wp_free_device_async, /builds/omniverse/warp/warp/native/warp.cu:915)
Warp CUDA error 700: an illegal memory access was encountered (in function wp_free_device_async, /builds/omniverse/warp/warp/native/warp.cu:915)
Warp CUDA error 700: an illegal memory access was encountered (in function wp_free_device_async, /builds/omniverse/warp/warp/native/warp.cu:915)
Warp CUDA error 700: an illegal memory access was encountered (in function wp_free_device_async, /builds/omniverse/warp/warp/native/warp.cu:915)
Warp CUDA error 700: an illegal memory access was encountered (in function wp_free_device_async, /builds/omniverse/warp/warp/native/warp.cu:915)
Warp CUDA error 700: an illegal memory access was encountered (in function wp_free_device_async, /builds/omniverse/warp/warp/native/warp.cu:915)
Warp CUDA error 700: an illegal memory access was encountered (in function wp_free_device_async, /builds/omniverse/warp/warp/native/warp.cu:915)
Warp CUDA error 700: an illegal memory access was encountered (in function wp_free_device_async, /builds/omniverse/warp/warp/native/warp.cu:915)
Warp CUDA error 700: an illegal memory access was encountered (in function wp_free_device_async, /builds/omniverse/warp/warp/native/warp.cu:915)
Warp CUDA error 700: an illegal memory access was encountered (in function wp_free_device_async, /builds/omniverse/warp/warp/native/warp.cu:915)
Warp CUDA error 700: an illegal memory access was encountered (in function wp_free_device_async, /builds/omniverse/warp/warp/native/warp.cu:915)
Warp CUDA error 700: an illegal memory access was encountered (in function wp_free_device_async, /builds/omniverse/warp/warp/native/warp.cu:915)
Warp CUDA error 700: an illegal memory access was encountered (in function wp_free_device_async, /builds/omniverse/warp/warp/native/warp.cu:915)
Warp CUDA error 700: an illegal memory access was encountered (in function wp_free_device_async, /builds/omniverse/warp/warp/native/warp.cu:915)
Warp CUDA error 700: an illegal memory access was encountered (in function wp_free_device_async, /builds/omniverse/warp/warp/native/warp.cu:915)
Warp CUDA error 700: an illegal memory access was encountered (in function wp_free_device_async, /builds/omniverse/warp/warp/native/warp.cu:915)
Warp CUDA error 700: an illegal memory access was encountered (in function wp_free_device_async, /builds/omniverse/warp/warp/native/warp.cu:915)
Warp CUDA error 700: an illegal memory access was encountered (in function wp_free_device_async, /builds/omniverse/warp/warp/native/warp.cu:915)
Warp CUDA error 700: an illegal memory access was encountered (in function wp_free_device_async, /builds/omniverse/warp/warp/native/warp.cu:915)
Warp CUDA error 700: an illegal memory access was encountered (in function wp_free_device_async, /builds/omniverse/warp/warp/native/warp.cu:915)
Warp CUDA error 700: an illegal memory access was encountered (in function wp_free_device_async, /builds/omniverse/warp/warp/native/warp.cu:915)
Warp CUDA error 700: an illegal memory access was encountered (in function wp_free_device_async, /builds/omniverse/warp/warp/native/warp.cu:915)
Warp CUDA error 700: an illegal memory access was encountered (in function wp_free_device_async, /builds/omniverse/warp/warp/native/warp.cu:915)
Warp CUDA error 700: an illegal memory access was encountered (in function wp_free_device_async, /builds/omniverse/warp/warp/native/warp.cu:915)
Warp CUDA error 700: an illegal memory access was encountered (in function wp_free_device_async, /builds/omniverse/warp/warp/native/warp.cu:915)
Warp CUDA error 700: an illegal memory access was encountered (in function wp_free_device_async, /builds/omniverse/warp/warp/native/warp.cu:915)
Warp CUDA error 700: an illegal memory access was encountered (in function wp_free_device_async, /builds/omniverse/warp/warp/native/warp.cu:915)
Warp CUDA error 700: an illegal memory access was encountered (in function wp_free_device_async, /builds/omniverse/warp/warp/native/warp.cu:915)
Warp CUDA error 700: an illegal memory access was encountered (in function wp_free_device_async, /builds/omniverse/warp/warp/native/warp.cu:915)
Warp CUDA error 700: an illegal memory access was encountered (in function wp_free_device_async, /builds/omniverse/warp/warp/native/warp.cu:915)
Warp CUDA error 700: an illegal memory access was encountered (in function wp_free_device_async, /builds/omniverse/warp/warp/native/warp.cu:915)
Warp CUDA error 700: an illegal memory access was encountered (in function wp_free_device_async, /builds/omniverse/warp/warp/native/warp.cu:915)
Warp CUDA error 700: an illegal memory access was encountered (in function wp_free_device_async, /builds/omniverse/warp/warp/native/warp.cu:915)
Warp CUDA error 700: an illegal memory access was encountered (in function wp_free_device_async, /builds/omniverse/warp/warp/native/warp.cu:915)
Warp CUDA error 700: an illegal memory access was encountered (in function wp_free_device_async, /builds/omniverse/warp/warp/native/warp.cu:915)
Warp CUDA error 700: an illegal memory access was encountered (in function wp_free_device_async, /builds/omniverse/warp/warp/native/warp.cu:915)
Warp CUDA error 700: an illegal memory access was encountered (in function wp_free_device_async, /builds/omniverse/warp/warp/native/warp.cu:915)
Warp CUDA error 700: an illegal memory access was encountered (in function wp_free_device_async, /builds/omniverse/warp/warp/native/warp.cu:915)
Warp CUDA error 700: an illegal memory access was encountered (in function wp_free_device_async, /builds/omniverse/warp/warp/native/warp.cu:915)
Warp CUDA error 700: an illegal memory access was encountered (in function wp_free_device_async, /builds/omniverse/warp/warp/native/warp.cu:915)
Warp CUDA error 700: an illegal memory access was encountered (in function wp_free_device_async, /builds/omniverse/warp/warp/native/warp.cu:915)
Warp CUDA error 700: an illegal memory access was encountered (in function wp_free_device_async, /builds/omniverse/warp/warp/native/warp.cu:915)
Warp CUDA error 700: an illegal memory access was encountered (in function wp_free_device_async, /builds/omniverse/warp/warp/native/warp.cu:915)
Warp CUDA error 700: an illegal memory access was encountered (in function wp_free_device_async, /builds/omniverse/warp/warp/native/warp.cu:915)
Warp CUDA error 700: an illegal memory access was encountered (in function wp_free_device_async, /builds/omniverse/warp/warp/native/warp.cu:915)
Warp CUDA error 700: an illegal memory access was encountered (in function wp_free_device_async, /builds/omniverse/warp/warp/native/warp.cu:915)
Warp CUDA error 700: an illegal memory access was encountered (in function wp_free_device_async, /builds/omniverse/warp/warp/native/warp.cu:915)
Warp CUDA error 700: an illegal memory access was encountered (in function wp_free_device_async, /builds/omniverse/warp/warp/native/warp.cu:915)
Warp CUDA error 700: an illegal memory access was encountered (in function wp_free_device_async, /builds/omniverse/warp/warp/native/warp.cu:915)
Warp CUDA error 700: an illegal memory access was encountered (in function wp_free_device_async, /builds/omniverse/warp/warp/native/warp.cu:915)
Warp CUDA error 700: an illegal memory access was encountered (in function wp_free_device_async, /builds/omniverse/warp/warp/native/warp.cu:915)
Warp CUDA error 700: an illegal memory access was encountered (in function wp_free_device_async, /builds/omniverse/warp/warp/native/warp.cu:915)
Warp CUDA error 700: an illegal memory access was encountered (in function wp_free_device_async, /builds/omniverse/warp/warp/native/warp.cu:915)
Warp CUDA error 700: an illegal memory access was encountered (in function wp_free_device_async, /builds/omniverse/warp/warp/native/warp.cu:915)
Warp CUDA error 700: an illegal memory access was encountered (in function wp_free_device_async, /builds/omniverse/warp/warp/native/warp.cu:915)
Warp CUDA error 700: an illegal memory access was encountered (in function wp_free_device_async, /builds/omniverse/warp/warp/native/warp.cu:915)
Warp CUDA error 700: an illegal memory access was encountered (in function wp_free_device_async, /builds/omniverse/warp/warp/native/warp.cu:915)
Warp CUDA error 700: an illegal memory access was encountered (in function wp_free_device_async, /builds/omniverse/warp/warp/native/warp.cu:915)
Warp CUDA error 700: an illegal memory access was encountered (in function wp_free_device_async, /builds/omniverse/warp/warp/native/warp.cu:915)
Warp CUDA error 700: an illegal memory access was encountered (in function wp_free_device_async, /builds/omniverse/warp/warp/native/warp.cu:915)
Warp CUDA error 700: an illegal memory access was encountered (in function wp_free_device_async, /builds/omniverse/warp/warp/native/warp.cu:915)
Warp CUDA error 700: an illegal memory access was encountered (in function wp_free_device_async, /builds/omniverse/warp/warp/native/warp.cu:915)
Warp CUDA error 700: an illegal memory access was encountered (in function wp_free_device_async, /builds/omniverse/warp/warp/native/warp.cu:915)
Warp CUDA error 700: an illegal memory access was encountered (in function wp_free_device_async, /builds/omniverse/warp/warp/native/warp.cu:915)
Warp CUDA error 700: an illegal memory access was encountered (in function wp_free_device_async, /builds/omniverse/warp/warp/native/warp.cu:915)
Warp CUDA error 700: an illegal memory access was encountered (in function wp_free_device_async, /builds/omniverse/warp/warp/native/warp.cu:915)
Warp CUDA error 700: an illegal memory access was encountered (in function wp_free_device_async, /builds/omniverse/warp/warp/native/warp.cu:915)
Warp CUDA error 700: an illegal memory access was encountered (in function wp_free_device_async, /builds/omniverse/warp/warp/native/warp.cu:915)
Warp CUDA error 700: an illegal memory access was encountered (in function wp_free_device_async, /builds/omniverse/warp/warp/native/warp.cu:915)
Warp CUDA error 700: an illegal memory access was encountered (in function wp_free_device_async, /builds/omniverse/warp/warp/native/warp.cu:915)
Warp CUDA error 700: an illegal memory access was encountered (in function wp_free_device_async, /builds/omniverse/warp/warp/native/warp.cu:915)
Warp CUDA error 700: an illegal memory access was encountered (in function wp_free_device_async, /builds/omniverse/warp/warp/native/warp.cu:915)
Warp CUDA error 700: an illegal memory access was encountered (in function wp_free_device_async, /builds/omniverse/warp/warp/native/warp.cu:915)
Warp CUDA error 700: an illegal memory access was encountered (in function wp_free_device_async, /builds/omniverse/warp/warp/native/warp.cu:915)
Warp CUDA error 700: an illegal memory access was encountered (in function wp_free_device_async, /builds/omniverse/warp/warp/native/warp.cu:915)
Warp CUDA error 700: an illegal memory access was encountered (in function wp_free_device_async, /builds/omniverse/warp/warp/native/warp.cu:915)
Warp CUDA error 700: an illegal memory access was encountered (in function wp_free_device_async, /builds/omniverse/warp/warp/native/warp.cu:915)
Warp CUDA error 700: an illegal memory access was encountered (in function wp_free_device_async, /builds/omniverse/warp/warp/native/warp.cu:915)
Warp CUDA error 700: an illegal memory access was encountered (in function wp_free_device_async, /builds/omniverse/warp/warp/native/warp.cu:915)
Warp CUDA error 700: an illegal memory access was encountered (in function wp_free_device_async, /builds/omniverse/warp/warp/native/warp.cu:915)
Warp CUDA error 700: an illegal memory access was encountered (in function wp_free_device_async, /builds/omniverse/warp/warp/native/warp.cu:915)
Warp CUDA error 700: an illegal memory access was encountered (in function wp_free_device_async, /builds/omniverse/warp/warp/native/warp.cu:915)
Warp CUDA error 700: an illegal memory access was encountered (in function wp_free_device_async, /builds/omniverse/warp/warp/native/warp.cu:915)
Warp CUDA error 700: an illegal memory access was encountered (in function wp_free_device_async, /builds/omniverse/warp/warp/native/warp.cu:915)
Warp CUDA error 700: an illegal memory access was encountered (in function wp_free_device_async, /builds/omniverse/warp/warp/native/warp.cu:915)
Warp CUDA error 700: an illegal memory access was encountered (in function wp_free_device_async, /builds/omniverse/warp/warp/native/warp.cu:915)
Warp CUDA error 700: an illegal memory access was encountered (in function wp_free_device_async, /builds/omniverse/warp/warp/native/warp.cu:915)
Warp CUDA error 700: an illegal memory access was encountered (in function wp_free_device_async, /builds/omniverse/warp/warp/native/warp.cu:915)
Warp CUDA error 700: an illegal memory access was encountered (in function wp_free_device_async, /builds/omniverse/warp/warp/native/warp.cu:915)
Warp CUDA error 700: an illegal memory access was encountered (in function wp_free_device_async, /builds/omniverse/warp/warp/native/warp.cu:915)
Warp CUDA error 700: an illegal memory access was encountered (in function wp_free_device_async, /builds/omniverse/warp/warp/native/warp.cu:915)
Warp CUDA error 700: an illegal memory access was encountered (in function wp_free_device_async, /builds/omniverse/warp/warp/native/warp.cu:915)
Warp CUDA error 700: an illegal memory access was encountered (in function wp_free_device_async, /builds/omniverse/warp/warp/native/warp.cu:915)
Warp CUDA error 700: an illegal memory access was encountered (in function wp_free_device_async, /builds/omniverse/warp/warp/native/warp.cu:915)
Warp CUDA error 700: an illegal memory access was encountered (in function wp_free_device_async, /builds/omniverse/warp/warp/native/warp.cu:915)
Warp CUDA error 700: an illegal memory access was encountered (in function wp_free_device_async, /builds/omniverse/warp/warp/native/warp.cu:915)
Warp CUDA error 700: an illegal memory access was encountered (in function wp_free_device_async, /builds/omniverse/warp/warp/native/warp.cu:915)
Warp CUDA error 700: an illegal memory access was encountered (in function wp_free_device_async, /builds/omniverse/warp/warp/native/warp.cu:915)
Warp CUDA error 700: an illegal memory access was encountered (in function wp_free_device_async, /builds/omniverse/warp/warp/native/warp.cu:915)
Warp CUDA error 700: an illegal memory access was encountered (in function wp_free_device_async, /builds/omniverse/warp/warp/native/warp.cu:915)
Warp CUDA error 700: an illegal memory access was encountered (in function wp_free_device_async, /builds/omniverse/warp/warp/native/warp.cu:915)
Warp CUDA error 700: an illegal memory access was encountered (in function wp_free_device_async, /builds/omniverse/warp/warp/native/warp.cu:915)
Warp CUDA error 700: an illegal memory access was encountered (in function wp_free_device_async, /builds/omniverse/warp/warp/native/warp.cu:915)
Warp CUDA error 700: an illegal memory access was encountered (in function wp_free_device_async, /builds/omniverse/warp/warp/native/warp.cu:915)
Warp CUDA error 700: an illegal memory access was encountered (in function wp_free_device_async, /builds/omniverse/warp/warp/native/warp.cu:915)
Warp CUDA error 700: an illegal memory access was encountered (in function wp_free_device_async, /builds/omniverse/warp/warp/native/warp.cu:915)
Warp CUDA error 700: an illegal memory access was encountered (in function wp_free_device_async, /builds/omniverse/warp/warp/native/warp.cu:915)
Warp CUDA error 700: an illegal memory access was encountered (in function wp_free_device_async, /builds/omniverse/warp/warp/native/warp.cu:915)
Warp CUDA error 700: an illegal memory access was encountered (in function wp_free_device_async, /builds/omniverse/warp/warp/native/warp.cu:915)
Warp CUDA error 700: an illegal memory access was encountered (in function wp_free_device_async, /builds/omniverse/warp/warp/native/warp.cu:915)
Warp CUDA error 700: an illegal memory access was encountered (in function wp_free_device_async, /builds/omniverse/warp/warp/native/warp.cu:915)
Warp CUDA error 700: an illegal memory access was encountered (in function wp_free_device_async, /builds/omniverse/warp/warp/native/warp.cu:915)
Warp CUDA error 700: an illegal memory access was encountered (in function wp_free_device_async, /builds/omniverse/warp/warp/native/warp.cu:915)
Warp CUDA error 700: an illegal memory access was encountered (in function wp_free_device_async, /builds/omniverse/warp/warp/native/warp.cu:915)
Warp CUDA error 700: an illegal memory access was encountered (in function wp_free_device_async, /builds/omniverse/warp/warp/native/warp.cu:915)
Warp CUDA error 700: an illegal memory access was encountered (in function wp_free_device_async, /builds/omniverse/warp/warp/native/warp.cu:915)
Warp CUDA error 700: an illegal memory access was encountered (in function wp_free_device_async, /builds/omniverse/warp/warp/native/warp.cu:915)
Warp CUDA error 700: an illegal memory access was encountered (in function wp_free_device_async, /builds/omniverse/warp/warp/native/warp.cu:915)
Warp CUDA error 700: an illegal memory access was encountered (in function wp_free_device_async, /builds/omniverse/warp/warp/native/warp.cu:915)
Warp CUDA error 700: an illegal memory access was encountered (in function wp_free_device_async, /builds/omniverse/warp/warp/native/warp.cu:915)
Warp CUDA error 700: an illegal memory access was encountered (in function wp_free_device_async, /builds/omniverse/warp/warp/native/warp.cu:915)
Warp CUDA error 700: an illegal memory access was encountered (in function wp_free_device_async, /builds/omniverse/warp/warp/native/warp.cu:915)
Warp CUDA error 700: an illegal memory access was encountered (in function wp_free_device_async, /builds/omniverse/warp/warp/native/warp.cu:915)
Warp CUDA error 700: an illegal memory access was encountered (in function wp_free_device_async, /builds/omniverse/warp/warp/native/warp.cu:915)
Warp CUDA error 700: an illegal memory access was encountered (in function wp_free_device_async, /builds/omniverse/warp/warp/native/warp.cu:915)
Warp CUDA error 700: an illegal memory access was encountered (in function wp_free_device_async, /builds/omniverse/warp/warp/native/warp.cu:915)
Warp CUDA error 700: an illegal memory access was encountered (in function wp_free_device_async, /builds/omniverse/warp/warp/native/warp.cu:915)
Warp CUDA error 700: an illegal memory access was encountered (in function wp_free_device_async, /builds/omniverse/warp/warp/native/warp.cu:915)
Warp CUDA error 700: an illegal memory access was encountered (in function wp_free_device_async, /builds/omniverse/warp/warp/native/warp.cu:915)
Warp CUDA error 700: an illegal memory access was encountered (in function wp_free_device_async, /builds/omniverse/warp/warp/native/warp.cu:915)
Warp CUDA error 700: an illegal memory access was encountered (in function wp_free_device_async, /builds/omniverse/warp/warp/native/warp.cu:915)
Warp CUDA error 700: an illegal memory access was encountered (in function wp_free_device_async, /builds/omniverse/warp/warp/native/warp.cu:915)
Warp CUDA error 700: an illegal memory access was encountered (in function wp_free_device_async, /builds/omniverse/warp/warp/native/warp.cu:915)
Warp CUDA error 700: an illegal memory access was encountered (in function wp_free_device_async, /builds/omniverse/warp/warp/native/warp.cu:915)
Warp CUDA error 700: an illegal memory access was encountered (in function wp_free_device_async, /builds/omniverse/warp/warp/native/warp.cu:915)
Warp CUDA error 700: an illegal memory access was encountered (in function wp_free_device_async, /builds/omniverse/warp/warp/native/warp.cu:915)
Warp CUDA error 700: an illegal memory access was encountered (in function wp_free_device_async, /builds/omniverse/warp/warp/native/warp.cu:915)
Warp CUDA error 700: an illegal memory access was encountered (in function wp_free_device_async, /builds/omniverse/warp/warp/native/warp.cu:915)
Warp CUDA error 700: an illegal memory access was encountered (in function wp_free_device_async, /builds/omniverse/warp/warp/native/warp.cu:915)
Warp CUDA error 700: an illegal memory access was encountered (in function wp_free_device_async, /builds/omniverse/warp/warp/native/warp.cu:915)
Warp CUDA error 700: an illegal memory access was encountered (in function wp_free_device_async, /builds/omniverse/warp/warp/native/warp.cu:915)
Warp CUDA error 700: an illegal memory access was encountered (in function wp_free_device_async, /builds/omniverse/warp/warp/native/warp.cu:915)
Warp CUDA error 700: an illegal memory access was encountered (in function wp_free_device_async, /builds/omniverse/warp/warp/native/warp.cu:915)
Warp CUDA error 700: an illegal memory access was encountered (in function wp_free_device_async, /builds/omniverse/warp/warp/native/warp.cu:915)
Warp CUDA error 700: an illegal memory access was encountered (in function wp_free_device_async, /builds/omniverse/warp/warp/native/warp.cu:915)
Warp CUDA error 700: an illegal memory access was encountered (in function wp_free_device_async, /builds/omniverse/warp/warp/native/warp.cu:915)
Warp CUDA error 700: an illegal memory access was encountered (in function wp_free_device_async, /builds/omniverse/warp/warp/native/warp.cu:915)
Warp CUDA error 700: an illegal memory access was encountered (in function wp_free_device_async, /builds/omniverse/warp/warp/native/warp.cu:915)
Warp CUDA error 700: an illegal memory access was encountered (in function wp_free_device_async, /builds/omniverse/warp/warp/native/warp.cu:915)
Warp CUDA error 700: an illegal memory access was encountered (in function wp_free_device_async, /builds/omniverse/warp/warp/native/warp.cu:915)
Warp CUDA error 700: an illegal memory access was encountered (in function wp_free_device_async, /builds/omniverse/warp/warp/native/warp.cu:915)
Warp CUDA error 700: an illegal memory access was encountered (in function wp_free_device_async, /builds/omniverse/warp/warp/native/warp.cu:915)
Warp CUDA error 700: an illegal memory access was encountered (in function wp_free_device_async, /builds/omniverse/warp/warp/native/warp.cu:915)
Warp CUDA error 700: an illegal memory access was encountered (in function wp_free_device_async, /builds/omniverse/warp/warp/native/warp.cu:915)
Warp CUDA error 700: an illegal memory access was encountered (in function wp_free_device_async, /builds/omniverse/warp/warp/native/warp.cu:915)
Warp CUDA error 700: an illegal memory access was encountered (in function wp_free_device_async, /builds/omniverse/warp/warp/native/warp.cu:915)
Warp CUDA error 700: an illegal memory access was encountered (in function wp_free_device_async, /builds/omniverse/warp/warp/native/warp.cu:915)
Warp CUDA error 700: an illegal memory access was encountered (in function wp_free_device_async, /builds/omniverse/warp/warp/native/warp.cu:915)
Warp CUDA error 700: an illegal memory access was encountered (in function wp_free_device_async, /builds/omniverse/warp/warp/native/warp.cu:915)
Warp CUDA error 700: an illegal memory access was encountered (in function wp_free_device_async, /builds/omniverse/warp/warp/native/warp.cu:915)
Warp CUDA error 700: an illegal memory access was encountered (in function wp_free_device_async, /builds/omniverse/warp/warp/native/warp.cu:915)
Warp CUDA error 700: an illegal memory access was encountered (in function wp_free_device_async, /builds/omniverse/warp/warp/native/warp.cu:915)
Warp CUDA error 700: an illegal memory access was encountered (in function wp_free_device_async, /builds/omniverse/warp/warp/native/warp.cu:915)
Warp CUDA error 700: an illegal memory access was encountered (in function wp_free_device_async, /builds/omniverse/warp/warp/native/warp.cu:915)
Warp CUDA error 700: an illegal memory access was encountered (in function wp_free_device_async, /builds/omniverse/warp/warp/native/warp.cu:915)
Warp CUDA error 700: an illegal memory access was encountered (in function wp_free_device_async, /builds/omniverse/warp/warp/native/warp.cu:915)
Warp CUDA error 700: an illegal memory access was encountered (in function wp_free_device_async, /builds/omniverse/warp/warp/native/warp.cu:915)
Warp CUDA error 700: an illegal memory access was encountered (in function wp_free_device_async, /builds/omniverse/warp/warp/native/warp.cu:915)
Warp CUDA error 700: an illegal memory access was encountered (in function wp_free_device_async, /builds/omniverse/warp/warp/native/warp.cu:915)
Warp CUDA error 700: an illegal memory access was encountered (in function wp_free_device_async, /builds/omniverse/warp/warp/native/warp.cu:915)
Warp CUDA error 700: an illegal memory access was encountered (in function wp_free_device_async, /builds/omniverse/warp/warp/native/warp.cu:915)
Warp CUDA error 700: an illegal memory access was encountered (in function wp_free_device_async, /builds/omniverse/warp/warp/native/warp.cu:915)
Warp CUDA error 700: an illegal memory access was encountered (in function wp_free_device_async, /builds/omniverse/warp/warp/native/warp.cu:915)
Warp CUDA error 700: an illegal memory access was encountered (in function wp_free_device_async, /builds/omniverse/warp/warp/native/warp.cu:915)
Warp CUDA error 700: an illegal memory access was encountered (in function wp_free_device_async, /builds/omniverse/warp/warp/native/warp.cu:915)
Warp CUDA error 700: an illegal memory access was encountered (in function wp_free_device_async, /builds/omniverse/warp/warp/native/warp.cu:915)
Warp CUDA error 700: an illegal memory access was encountered (in function wp_free_device_async, /builds/omniverse/warp/warp/native/warp.cu:915)
Warp CUDA error 700: an illegal memory access was encountered (in function wp_free_device_async, /builds/omniverse/warp/warp/native/warp.cu:915)
Warp CUDA error 700: an illegal memory access was encountered (in function wp_free_device_async, /builds/omniverse/warp/warp/native/warp.cu:915)
Warp CUDA error 700: an illegal memory access was encountered (in function wp_free_device_async, /builds/omniverse/warp/warp/native/warp.cu:915)
Warp CUDA error 700: an illegal memory access was encountered (in function wp_free_device_async, /builds/omniverse/warp/warp/native/warp.cu:915)
Warp CUDA error 700: an illegal memory access was encountered (in function wp_free_device_async, /builds/omniverse/warp/warp/native/warp.cu:915)
Warp CUDA error 700: an illegal memory access was encountered (in function wp_free_device_async, /builds/omniverse/warp/warp/native/warp.cu:915)
Warp CUDA error 700: an illegal memory access was encountered (in function wp_free_device_async, /builds/omniverse/warp/warp/native/warp.cu:915)
Warp CUDA error 700: an illegal memory access was encountered (in function wp_free_device_async, /builds/omniverse/warp/warp/native/warp.cu:915)
Warp CUDA error 700: an illegal memory access was encountered (in function wp_free_device_async, /builds/omniverse/warp/warp/native/warp.cu:915)
Warp CUDA error 700: an illegal memory access was encountered (in function wp_free_device_async, /builds/omniverse/warp/warp/native/warp.cu:915)
Warp CUDA error 700: an illegal memory access was encountered (in function wp_free_device_async, /builds/omniverse/warp/warp/native/warp.cu:915)
Warp CUDA error 700: an illegal memory access was encountered (in function wp_free_device_async, /builds/omniverse/warp/warp/native/warp.cu:915)
Warp CUDA error 700: an illegal memory access was encountered (in function wp_free_device_async, /builds/omniverse/warp/warp/native/warp.cu:915)
Warp CUDA error 700: an illegal memory access was encountered (in function wp_free_device_async, /builds/omniverse/warp/warp/native/warp.cu:915)
Warp CUDA error 700: an illegal memory access was encountered (in function wp_free_device_async, /builds/omniverse/warp/warp/native/warp.cu:915)
Warp CUDA error 700: an illegal memory access was encountered (in function wp_free_device_async, /builds/omniverse/warp/warp/native/warp.cu:915)
Warp CUDA error 700: an illegal memory access was encountered (in function wp_free_device_async, /builds/omniverse/warp/warp/native/warp.cu:915)
Warp CUDA error 700: an illegal memory access was encountered (in function wp_free_device_async, /builds/omniverse/warp/warp/native/warp.cu:915)
Warp CUDA error 700: an illegal memory access was encountered (in function wp_free_device_async, /builds/omniverse/warp/warp/native/warp.cu:915)
Warp CUDA error 700: an illegal memory access was encountered (in function wp_free_device_async, /builds/omniverse/warp/warp/native/warp.cu:915)
Warp CUDA error 700: an illegal memory access was encountered (in function wp_free_device_async, /builds/omniverse/warp/warp/native/warp.cu:915)
Warp CUDA error 700: an illegal memory access was encountered (in function wp_free_device_async, /builds/omniverse/warp/warp/native/warp.cu:915)
Warp CUDA error 700: an illegal memory access was encountered (in function wp_free_device_async, /builds/omniverse/warp/warp/native/warp.cu:915)
Warp CUDA error 700: an illegal memory access was encountered (in function wp_free_device_async, /builds/omniverse/warp/warp/native/warp.cu:915)
Warp CUDA error 700: an illegal memory access was encountered (in function wp_free_device_async, /builds/omniverse/warp/warp/native/warp.cu:915)
Warp CUDA error 700: an illegal memory access was encountered (in function wp_free_device_async, /builds/omniverse/warp/warp/native/warp.cu:915)
Warp CUDA error 700: an illegal memory access was encountered (in function wp_free_device_async, /builds/omniverse/warp/warp/native/warp.cu:915)
Warp CUDA error 700: an illegal memory access was encountered (in function wp_free_device_async, /builds/omniverse/warp/warp/native/warp.cu:915)
Warp CUDA error 700: an illegal memory access was encountered (in function wp_free_device_async, /builds/omniverse/warp/warp/native/warp.cu:915)
Warp CUDA error 700: an illegal memory access was encountered (in function wp_free_device_async, /builds/omniverse/warp/warp/native/warp.cu:915)
Warp CUDA error 700: an illegal memory access was encountered (in function wp_free_device_async, /builds/omniverse/warp/warp/native/warp.cu:915)
Warp CUDA error 700: an illegal memory access was encountered (in function wp_free_device_async, /builds/omniverse/warp/warp/native/warp.cu:915)
Warp CUDA error 700: an illegal memory access was encountered (in function wp_free_device_async, /builds/omniverse/warp/warp/native/warp.cu:915)
Warp CUDA error 700: an illegal memory access was encountered (in function wp_free_device_async, /builds/omniverse/warp/warp/native/warp.cu:915)
Warp CUDA error 700: an illegal memory access was encountered (in function wp_free_device_async, /builds/omniverse/warp/warp/native/warp.cu:915)
Warp CUDA error 700: an illegal memory access was encountered (in function wp_free_device_async, /builds/omniverse/warp/warp/native/warp.cu:915)
Warp CUDA error 700: an illegal memory access was encountered (in function wp_free_device_async, /builds/omniverse/warp/warp/native/warp.cu:915)
Warp CUDA error 700: an illegal memory access was encountered (in function wp_free_device_async, /builds/omniverse/warp/warp/native/warp.cu:915)
Warp CUDA error 700: an illegal memory access was encountered (in function wp_free_device_async, /builds/omniverse/warp/warp/native/warp.cu:915)
Warp CUDA error 700: an illegal memory access was encountered (in function wp_free_device_async, /builds/omniverse/warp/warp/native/warp.cu:915)
Warp CUDA error 700: an illegal memory access was encountered (in function wp_free_device_async, /builds/omniverse/warp/warp/native/warp.cu:915)
Warp CUDA error 700: an illegal memory access was encountered (in function wp_free_device_async, /builds/omniverse/warp/warp/native/warp.cu:915)
Warp CUDA error 700: an illegal memory access was encountered (in function wp_free_device_async, /builds/omniverse/warp/warp/native/warp.cu:915)
Warp CUDA error 700: an illegal memory access was encountered (in function wp_free_device_async, /builds/omniverse/warp/warp/native/warp.cu:915)
Warp CUDA error 700: an illegal memory access was encountered (in function wp_free_device_async, /builds/omniverse/warp/warp/native/warp.cu:915)
Warp CUDA error 700: an illegal memory access was encountered (in function wp_free_device_async, /builds/omniverse/warp/warp/native/warp.cu:915)
Warp CUDA error 700: an illegal memory access was encountered (in function wp_free_device_async, /builds/omniverse/warp/warp/native/warp.cu:915)
Warp CUDA error 700: an illegal memory access was encountered (in function wp_free_device_async, /builds/omniverse/warp/warp/native/warp.cu:915)
Warp CUDA error 700: an illegal memory access was encountered (in function wp_free_device_async, /builds/omniverse/warp/warp/native/warp.cu:915)
Warp CUDA error 700: an illegal memory access was encountered (in function wp_free_device_async, /builds/omniverse/warp/warp/native/warp.cu:915)
Warp CUDA error 700: an illegal memory access was encountered (in function wp_free_device_async, /builds/omniverse/warp/warp/native/warp.cu:915)
Warp CUDA error 700: an illegal memory access was encountered (in function wp_free_device_async, /builds/omniverse/warp/warp/native/warp.cu:915)
Warp CUDA error 700: an illegal memory access was encountered (in function wp_free_device_async, /builds/omniverse/warp/warp/native/warp.cu:915)
Warp CUDA error 700: an illegal memory access was encountered (in function wp_free_device_async, /builds/omniverse/warp/warp/native/warp.cu:915)
Warp CUDA error 700: an illegal memory access was encountered (in function wp_free_device_async, /builds/omniverse/warp/warp/native/warp.cu:915)
Warp CUDA error 700: an illegal memory access was encountered (in function wp_free_device_async, /builds/omniverse/warp/warp/native/warp.cu:915)
Warp CUDA error 700: an illegal memory access was encountered (in function wp_free_device_async, /builds/omniverse/warp/warp/native/warp.cu:915)
Warp CUDA error 700: an illegal memory access was encountered (in function wp_free_device_async, /builds/omniverse/warp/warp/native/warp.cu:915)
Warp CUDA error 700: an illegal memory access was encountered (in function wp_free_device_async, /builds/omniverse/warp/warp/native/warp.cu:915)
Warp CUDA error 700: an illegal memory access was encountered (in function wp_free_device_async, /builds/omniverse/warp/warp/native/warp.cu:915)
Warp CUDA error 700: an illegal memory access was encountered (in function wp_free_device_async, /builds/omniverse/warp/warp/native/warp.cu:915)
Warp CUDA error 700: an illegal memory access was encountered (in function wp_free_device_async, /builds/omniverse/warp/warp/native/warp.cu:915)
Warp CUDA error 700: an illegal memory access was encountered (in function wp_free_device_async, /builds/omniverse/warp/warp/native/warp.cu:915)
Warp CUDA error 700: an illegal memory access was encountered (in function wp_free_device_async, /builds/omniverse/warp/warp/native/warp.cu:915)
Warp CUDA error 700: an illegal memory access was encountered (in function wp_texture_object_destroy_device, /builds/omniverse/warp/warp/native/texture.cpp:436)
Warp CUDA error 700: an illegal memory access was encountered (in function wp_texture_destroy_device, /builds/omniverse/warp/warp/native/texture.cpp:220)
Warp CUDA error 700: an illegal memory access was encountered (in function wp_texture_object_destroy_device, /builds/omniverse/warp/warp/native/texture.cpp:436)
Warp CUDA error 700: an illegal memory access was encountered (in function wp_texture_destroy_device, /builds/omniverse/warp/warp/native/texture.cpp:220)
Warp CUDA error 700: an illegal memory access was encountered (in function wp_free_device_async, /builds/omniverse/warp/warp/native/warp.cu:915)
Warp CUDA error 700: an illegal memory access was encountered (in function wp_free_device_async, /builds/omniverse/warp/warp/native/warp.cu:915)
Warp CUDA error 700: an illegal memory access was encountered (in function wp_free_device_async, /builds/omniverse/warp/warp/native/warp.cu:915)
Warp CUDA error 700: an illegal memory access was encountered (in function wp_free_device_async, /builds/omniverse/warp/warp/native/warp.cu:915)
Warp CUDA error 700: an illegal memory access was encountered (in function wp_free_device_async, /builds/omniverse/warp/warp/native/warp.cu:915)
Warp CUDA error 700: an illegal memory access was encountered (in function wp_free_device_async, /builds/omniverse/warp/warp/native/warp.cu:915)
Warp CUDA error 700: an illegal memory access was encountered (in function wp_free_device_async, /builds/omniverse/warp/warp/native/warp.cu:915)
Warp CUDA error 700: an illegal memory access was encountered (in function wp_free_device_async, /builds/omniverse/warp/warp/native/warp.cu:915)
Warp CUDA error 700: an illegal memory access was encountered (in function wp_free_device_async, /builds/omniverse/warp/warp/native/warp.cu:915)
Warp CUDA error 700: an illegal memory access was encountered (in function wp_free_device_async, /builds/omniverse/warp/warp/native/warp.cu:915)
Warp CUDA error 700: an illegal memory access was encountered (in function wp_free_device_async, /builds/omniverse/warp/warp/native/warp.cu:915)
Warp CUDA error 700: an illegal memory access was encountered (in function wp_free_device_async, /builds/omniverse/warp/warp/native/warp.cu:915)
Warp CUDA error 700: an illegal memory access was encountered (in function wp_free_device_async, /builds/omniverse/warp/warp/native/warp.cu:915)
Warp CUDA error 700: an illegal memory access was encountered (in function wp_free_device_async, /builds/omniverse/warp/warp/native/warp.cu:915)
Warp CUDA error 700: an illegal memory access was encountered (in function wp_free_device_async, /builds/omniverse/warp/warp/native/warp.cu:915)
Warp CUDA error 700: an illegal memory access was encountered (in function wp_free_device_async, /builds/omniverse/warp/warp/native/warp.cu:915)
Warp CUDA error 700: an illegal memory access was encountered (in function wp_free_device_async, /builds/omniverse/warp/warp/native/warp.cu:915)
Warp CUDA error 700: an illegal memory access was encountered (in function wp_free_device_async, /builds/omniverse/warp/warp/native/warp.cu:915)
Warp CUDA error 700: an illegal memory access was encountered (in function wp_free_device_async, /builds/omniverse/warp/warp/native/warp.cu:915)
Warp CUDA error 700: an illegal memory access was encountered (in function wp_free_device_async, /builds/omniverse/warp/warp/native/warp.cu:915)
Warp CUDA error 700: an illegal memory access was encountered (in function wp_free_device_async, /builds/omniverse/warp/warp/native/warp.cu:915)
Warp CUDA error 700: an illegal memory access was encountered (in function wp_free_device_async, /builds/omniverse/warp/warp/native/warp.cu:915)
Warp CUDA error 700: an illegal memory access was encountered (in function wp_free_device_async, /builds/omniverse/warp/warp/native/warp.cu:915)
Warp CUDA error 700: an illegal memory access was encountered (in function wp_free_device_async, /builds/omniverse/warp/warp/native/warp.cu:915)
Warp CUDA error 700: an illegal memory access was encountered (in function wp_alloc_device_async, /builds/omniverse/warp/warp/native/warp.cu:817)
[FAIL] headtrack_16: Failed to allocate 4 bytes on device 'cuda:0'
Traceback (most recent call last):
  File "/fsx/martino/unitree_mjwarp/diag2.py", line 5, in run
    env = G1Env(**kw); env.reset()
          ^^^^^^^^^^^
  File "/fsx/martino/unitree_mjwarp/g1_env.py", line 174, in __init__
    self.m = mjw.put_model(self.mjm)
             ^^^^^^^^^^^^^^^^^^^^^^^
  File "/fsx/martino/miniforge3/envs/g1mjw/lib/python3.12/site-packages/mujoco_warp/_src/io.py", line 446, in put_model
    setattr(opt, f.name, _create_array(getattr(opt, f.name), f.type, {"*": 1}))
                         ^^^^^^^^^^^^^^^^^^^^^^^^^^^^^^^^^^^^^^^^^^^^^^^^^^^^^
  File "/fsx/martino/miniforge3/envs/g1mjw/lib/python3.12/site-packages/mujoco_warp/_src/io.py", line 89, in _create_array
    array = wp.array(data, dtype=spec.dtype, shape=shape)
            ^^^^^^^^^^^^^^^^^^^^^^^^^^^^^^^^^^^^^^^^^^^^^
  File "/fsx/martino/miniforge3/envs/g1mjw/lib/python3.12/site-packages/warp/_src/types.py", line 3281, in __init__
    self._init_from_data(data, dtype, shape, device, copy, pinned)
  File "/fsx/martino/miniforge3/envs/g1mjw/lib/python3.12/site-packages/warp/_src/types.py", line 3616, in _init_from_data
    self._init_new(dtype, shape, None, device, pinned)
  File "/fsx/martino/miniforge3/envs/g1mjw/lib/python3.12/site-packages/warp/_src/types.py", line 3741, in _init_new
    ptr = allocator.allocate(capacity)
          ^^^^^^^^^^^^^^^^^^^^^^^^^^^^
  File "/fsx/martino/miniforge3/envs/g1mjw/lib/python3.12/site-packages/warp/_src/context.py", line 4251, in allocate
    raise RuntimeError(f"Failed to allocate {size_in_bytes} bytes on device '{self.device}'")
RuntimeError: Failed to allocate 4 bytes on device 'cuda:0'
Warp CUDA error 700: an illegal memory access was encountered (in function wp_alloc_device_async, /builds/omniverse/warp/warp/native/warp.cu:817)
[FAIL] head_512: Failed to allocate 4 bytes on device 'cuda:0'
Traceback (most recent call last):
  File "/fsx/martino/unitree_mjwarp/diag2.py", line 5, in run
    env = G1Env(**kw); env.reset()
          ^^^^^^^^^^^
  File "/fsx/martino/unitree_mjwarp/g1_env.py", line 174, in __init__
    self.m = mjw.put_model(self.mjm)
             ^^^^^^^^^^^^^^^^^^^^^^^
  File "/fsx/martino/miniforge3/envs/g1mjw/lib/python3.12/site-packages/mujoco_warp/_src/io.py", line 446, in put_model
    setattr(opt, f.name, _create_array(getattr(opt, f.name), f.type, {"*": 1}))
                         ^^^^^^^^^^^^^^^^^^^^^^^^^^^^^^^^^^^^^^^^^^^^^^^^^^^^^
  File "/fsx/martino/miniforge3/envs/g1mjw/lib/python3.12/site-packages/mujoco_warp/_src/io.py", line 89, in _create_array
    array = wp.array(data, dtype=spec.dtype, shape=shape)
            ^^^^^^^^^^^^^^^^^^^^^^^^^^^^^^^^^^^^^^^^^^^^^
  File "/fsx/martino/miniforge3/envs/g1mjw/lib/python3.12/site-packages/warp/_src/types.py", line 3281, in __init__
    self._init_from_data(data, dtype, shape, device, copy, pinned)
  File "/fsx/martino/miniforge3/envs/g1mjw/lib/python3.12/site-packages/warp/_src/types.py", line 3616, in _init_from_data
    self._init_new(dtype, shape, None, device, pinned)
  File "/fsx/martino/miniforge3/envs/g1mjw/lib/python3.12/site-packages/warp/_src/types.py", line 3741, in _init_new
    ptr = allocator.allocate(capacity)
          ^^^^^^^^^^^^^^^^^^^^^^^^^^^^
  File "/fsx/martino/miniforge3/envs/g1mjw/lib/python3.12/site-packages/warp/_src/context.py", line 4251, in allocate
    raise RuntimeError(f"Failed to allocate {size_in_bytes} bytes on device '{self.device}'")
RuntimeError: Failed to allocate 4 bytes on device 'cuda:0'
Warp CUDA error 700: an illegal memory access was encountered (in function wp_alloc_device_async, /builds/omniverse/warp/warp/native/warp.cu:817)
[FAIL] headtrack_512: Failed to allocate 4 bytes on device 'cuda:0'
Traceback (most recent call last):
  File "/fsx/martino/unitree_mjwarp/diag2.py", line 5, in run
    env = G1Env(**kw); env.reset()
          ^^^^^^^^^^^
  File "/fsx/martino/unitree_mjwarp/g1_env.py", line 174, in __init__
    self.m = mjw.put_model(self.mjm)
             ^^^^^^^^^^^^^^^^^^^^^^^
  File "/fsx/martino/miniforge3/envs/g1mjw/lib/python3.12/site-packages/mujoco_warp/_src/io.py", line 446, in put_model
    setattr(opt, f.name, _create_array(getattr(opt, f.name), f.type, {"*": 1}))
                         ^^^^^^^^^^^^^^^^^^^^^^^^^^^^^^^^^^^^^^^^^^^^^^^^^^^^^
  File "/fsx/martino/miniforge3/envs/g1mjw/lib/python3.12/site-packages/mujoco_warp/_src/io.py", line 89, in _create_array
    array = wp.array(data, dtype=spec.dtype, shape=shape)
            ^^^^^^^^^^^^^^^^^^^^^^^^^^^^^^^^^^^^^^^^^^^^^
  File "/fsx/martino/miniforge3/envs/g1mjw/lib/python3.12/site-packages/warp/_src/types.py", line 3281, in __init__
    self._init_from_data(data, dtype, shape, device, copy, pinned)
  File "/fsx/martino/miniforge3/envs/g1mjw/lib/python3.12/site-packages/warp/_src/types.py", line 3616, in _init_from_data
    self._init_new(dtype, shape, None, device, pinned)
  File "/fsx/martino/miniforge3/envs/g1mjw/lib/python3.12/site-packages/warp/_src/types.py", line 3741, in _init_new
    ptr = allocator.allocate(capacity)
          ^^^^^^^^^^^^^^^^^^^^^^^^^^^^
  File "/fsx/martino/miniforge3/envs/g1mjw/lib/python3.12/site-packages/warp/_src/context.py", line 4251, in allocate
    raise RuntimeError(f"Failed to allocate {size_in_bytes} bytes on device '{self.device}'")
RuntimeError: Failed to allocate 4 bytes on device 'cuda:0'
Warp CUDA error 700: an illegal memory access was encountered (in function wp_cuda_unload_module, /builds/omniverse/warp/warp/native/warp.cu:5316)
Warp CUDA error 700: an illegal memory access was encountered (in function wp_cuda_unload_module, /builds/omniverse/warp/warp/native/warp.cu:5316)
Warp CUDA error 700: an illegal memory access was encountered (in function wp_cuda_unload_module, /builds/omniverse/warp/warp/native/warp.cu:5316)
Warp CUDA error 700: an illegal memory access was encountered (in function wp_cuda_unload_module, /builds/omniverse/warp/warp/native/warp.cu:5316)
Warp CUDA error 700: an illegal memory access was encountered (in function wp_cuda_unload_module, /builds/omniverse/warp/warp/native/warp.cu:5316)
Warp CUDA error 700: an illegal memory access was encountered (in function wp_cuda_unload_module, /builds/omniverse/warp/warp/native/warp.cu:5316)
Warp CUDA error 700: an illegal memory access was encountered (in function wp_cuda_unload_module, /builds/omniverse/warp/warp/native/warp.cu:5316)
Warp CUDA error 700: an illegal memory access was encountered (in function wp_cuda_unload_module, /builds/omniverse/warp/warp/native/warp.cu:5316)
Warp CUDA error 700: an illegal memory access was encountered (in function wp_cuda_unload_module, /builds/omniverse/warp/warp/native/warp.cu:5316)
Warp CUDA error 700: an illegal memory access was encountered (in function wp_cuda_unload_module, /builds/omniverse/warp/warp/native/warp.cu:5316)
Warp CUDA error 700: an illegal memory access was encountered (in function wp_cuda_unload_module, /builds/omniverse/warp/warp/native/warp.cu:5316)
Warp CUDA error 700: an illegal memory access was encountered (in function wp_cuda_unload_module, /builds/omniverse/warp/warp/native/warp.cu:5316)
Warp CUDA error 700: an illegal memory access was encountered (in function wp_cuda_unload_module, /builds/omniverse/warp/warp/native/warp.cu:5316)
Warp CUDA error 700: an illegal memory access was encountered (in function wp_cuda_unload_module, /builds/omniverse/warp/warp/native/warp.cu:5316)
Warp CUDA error 700: an illegal memory access was encountered (in function wp_cuda_unload_module, /builds/omniverse/warp/warp/native/warp.cu:5316)
Warp CUDA error 700: an illegal memory access was encountered (in function wp_cuda_unload_module, /builds/omniverse/warp/warp/native/warp.cu:5316)
Warp CUDA error 700: an illegal memory access was encountered (in function wp_cuda_unload_module, /builds/omniverse/warp/warp/native/warp.cu:5316)
Warp CUDA error 700: an illegal memory access was encountered (in function wp_cuda_unload_module, /builds/omniverse/warp/warp/native/warp.cu:5316)
Warp CUDA error 700: an illegal memory access was encountered (in function wp_cuda_unload_module, /builds/omniverse/warp/warp/native/warp.cu:5316)
Warp CUDA error 700: an illegal memory access was encountered (in function wp_cuda_unload_module, /builds/omniverse/warp/warp/native/warp.cu:5316)
Warp CUDA error 700: an illegal memory access was encountered (in function wp_cuda_unload_module, /builds/omniverse/warp/warp/native/warp.cu:5316)
Warp CUDA error 700: an illegal memory access was encountered (in function wp_cuda_unload_module, /builds/omniverse/warp/warp/native/warp.cu:5316)
Warp CUDA error 700: an illegal memory access was encountered (in function wp_cuda_unload_module, /builds/omniverse/warp/warp/native/warp.cu:5316)
Warp CUDA error 700: an illegal memory access was encountered (in function wp_cuda_unload_module, /builds/omniverse/warp/warp/native/warp.cu:5316)
Warp CUDA error 700: an illegal memory access was encountered (in function wp_cuda_unload_module, /builds/omniverse/warp/warp/native/warp.cu:5316)
Warp CUDA error 700: an illegal memory access was encountered (in function wp_cuda_unload_module, /builds/omniverse/warp/warp/native/warp.cu:5316)
Warp CUDA error 700: an illegal memory access was encountered (in function wp_cuda_unload_module, /builds/omniverse/warp/warp/native/warp.cu:5316)
Warp CUDA error 700: an illegal memory access was encountered (in function wp_cuda_unload_module, /builds/omniverse/warp/warp/native/warp.cu:5316)
Warp CUDA error 700: an illegal memory access was encountered (in function wp_cuda_unload_module, /builds/omniverse/warp/warp/native/warp.cu:5316)
Warp CUDA error 700: an illegal memory access was encountered (in function wp_cuda_unload_module, /builds/omniverse/warp/warp/native/warp.cu:5316)
Warp CUDA error 700: an illegal memory access was encountered (in function wp_cuda_unload_module, /builds/omniverse/warp/warp/native/warp.cu:5316)
Warp CUDA error 700: an illegal memory access was encountered (in function wp_cuda_unload_module, /builds/omniverse/warp/warp/native/warp.cu:5316)
Warp CUDA error 700: an illegal memory access was encountered (in function wp_cuda_unload_module, /builds/omniverse/warp/warp/native/warp.cu:5316)
Warp CUDA error 700: an illegal memory access was encountered (in function wp_cuda_unload_module, /builds/omniverse/warp/warp/native/warp.cu:5316)
Warp CUDA error 700: an illegal memory access was encountered (in function wp_cuda_unload_module, /builds/omniverse/warp/warp/native/warp.cu:5316)
Warp CUDA error 700: an illegal memory access was encountered (in function wp_cuda_unload_module, /builds/omniverse/warp/warp/native/warp.cu:5316)
Warp CUDA error 700: an illegal memory access was encountered (in function wp_cuda_unload_module, /builds/omniverse/warp/warp/native/warp.cu:5316)
Warp CUDA error 700: an illegal memory access was encountered (in function wp_cuda_unload_module, /builds/omniverse/warp/warp/native/warp.cu:5316)
Warp CUDA error 700: an illegal memory access was encountered (in function wp_cuda_unload_module, /builds/omniverse/warp/warp/native/warp.cu:5316)
Warp CUDA error 700: an illegal memory access was encountered (in function wp_cuda_unload_module, /builds/omniverse/warp/warp/native/warp.cu:5316)
Warp CUDA error 700: an illegal memory access was encountered (in function wp_cuda_unload_module, /builds/omniverse/warp/warp/native/warp.cu:5316)
Warp CUDA error 700: an illegal memory access was encountered (in function wp_cuda_unload_module, /builds/omniverse/warp/warp/native/warp.cu:5316)
Warp CUDA error 700: an illegal memory access was encountered (in function wp_cuda_unload_module, /builds/omniverse/warp/warp/native/warp.cu:5316)
Warp CUDA error 700: an illegal memory access was encountered (in function wp_cuda_unload_module, /builds/omniverse/warp/warp/native/warp.cu:5316)
Warp CUDA error 700: an illegal memory access was encountered (in function wp_cuda_unload_module, /builds/omniverse/warp/warp/native/warp.cu:5316)
Warp CUDA error 700: an illegal memory access was encountered (in function wp_cuda_unload_module, /builds/omniverse/warp/warp/native/warp.cu:5316)
Warp CUDA error 700: an illegal memory access was encountered (in function wp_cuda_unload_module, /builds/omniverse/warp/warp/native/warp.cu:5316)
Warp CUDA error 700: an illegal memory access was encountered (in function wp_cuda_unload_module, /builds/omniverse/warp/warp/native/warp.cu:5316)
Warp CUDA error 700: an illegal memory access was encountered (in function wp_cuda_stream_unregister, /builds/omniverse/warp/warp/native/warp.cu:3275)
Warp CUDA error 700: an illegal memory access was encountered (in function wp_cuda_stream_destroy, /builds/omniverse/warp/warp/native/warp.cu:3238)
